Workbook

Sheet ESTOQUE SUL - RS
A1: Nome do Responsável Estoque - Tst ou Eng.: Luis Martins
A2: Data da atualização da Planilha: 24/07/2026
A3: Estoque da Cidade/Base: Porto Alegre/RS
A4: Nº | B4: DESCRIÇÃO | C4: R$ /item | D4: TAM. | E4: QTD | F4: R$ /estoque | G4: OBS.:
A5: =ROW()-4 -> 1 | B5: BALDE DE LONA | C5: ='ESTOQUE - SPO'!D6 -> 126.1 | D5: - | E5: 0 | F5: =C5*E5 -> 0 | G5: REPOR ESTOQUE
A6: =ROW()-4 -> 2 | B6: BANDEROLA PARA ESCADA | C6: ='ESTOQUE - SPO'!#REF! -> #REF! | D6: - | E6: 50
A7: =ROW()-4 -> 3 | B7: BOTA DE PVC | C7: 65.13 | D7: 37 | E7: 10 | F7: =E7*C7 -> 651.3
A8: =ROW()-4 -> 4 | B8: BOTA DE PVC | C8: 65.13 | D8: 38 | E8: 12 | F8: =E8*C8 -> 781.56
A9: =ROW()-4 -> 5 | B9: BOTA DE PVC | C9: 65.13 | D9: 39 | E9: 8 | F9: =E9*C9 -> 521.04
A10: =ROW()-4 -> 6 | B10: BOTA DE PVC | C10: 65.13 | D10: 41 | E10: 6 | F10: =E10*C10 -> 390.78
A11: =ROW()-4 -> 7 | B11: BOTINA DE SEGURANÇA 34 | C11: 104.29 | D11: 34 | E11: 0 | F11: =E11*C11 -> 0 | G11: REPOR ESTOQUE
A12: =ROW()-4 -> 8 | B12: BOTINA DE SEGURANÇA 35 | C12: 104.29 | D12: 35 | E12: 0 | F12: =E12*C12 -> 0 | G12: REPOR ESTOQUE
A13: =ROW()-4 -> 9 | B13: BOTINA DE SEGURANÇA 36 | C13: ='ESTOQUE - SPO'!D18 -> 104.29 | D13: 36 | E13: 9 | F13: =E13*C13 -> 938.61
A14: =ROW()-4 -> 10 | B14: BOTINA DE SEGURANÇA 37 | C14: ='ESTOQUE - SPO'!D19 -> 104.29 | D14: 37 | E14: 15 | F14: =E14*C14 -> 1564.35
A15: =ROW()-4 -> 11 | B15: BOTINA DE SEGURANÇA 38 | C15: ='ESTOQUE - SPO'!D20 -> 104.29 | D15: 38 | E15: 18 | F15: =E15*C15 -> 1877.22
A16: =ROW()-4 -> 12 | B16: BOTINA DE SEGURANÇA 39 | C16: ='ESTOQUE - SPO'!D21 -> 104.29 | D16: 39 | E16: 28 | F16: =E16*C16 -> 2920.12
A17: =ROW()-4 -> 13 | B17: BOTINA DE SEGURANÇA 40 | C17: ='ESTOQUE - SPO'!D22 -> 104.29 | D17: 40 | E17: 15 | F17: =E17*C17 -> 1564.35
A18: =ROW()-4 -> 14 | B18: BOTINA DE SEGURANÇA 41 | C18: ='ESTOQUE - SPO'!D23 -> 104.29 | D18: 41 | E18: 11 | F18: =E18*C18 -> 1147.19
A19: =ROW()-4 -> 15 | B19: BOTINA DE SEGURANÇA 42 | C19: ='ESTOQUE - SPO'!D24 -> 104.29 | D19: 42 | E19: 5 | F19: =E19*C19 -> 521.45
A20: =ROW()-4 -> 16 | B20: BOTINA DE SEGURANÇA 43 | C20: ='ESTOQUE - SPO'!D25 -> 104.29 | D20: 43 | E20: 12 | F20: =E20*C20 -> 1251.48
A21: =ROW()-4 -> 17 | B21: BOTINA DE SEGURANÇA 44 | C21: ='ESTOQUE - SPO'!D26 -> 104.29 | D21: 44 | E21: 14 | F21: =E21*C21 -> 1460.06
A22: =ROW()-4 -> 18 | B22: BOTINA DE SEGURANÇA 45 | C22: ='ESTOQUE - SPO'!D27 -> 104.29 | D22: 45 | E22: 0 | F22: =E22*C22 -> 0 | G22: REPOR ESTOQUE
A23: =ROW()-4 -> 19 | B23: CALÇA IMPERMEÁVEL PVC | C23: 32.55 | D23: M | E23: 10 | F23: =E23*C23 -> 325.5
A24: =ROW()-4 -> 20 | B24: CALÇA IMPERMEÁVEL PVC | C24: 32.55 | D24: G | E24: 7 | F24: =E24*C24 -> 227.85
A25: =ROW()-4 -> 21 | B25: CALÇA IMPERMEÁVEL PVC | C25: 32.55 | D25: P | E25: 10 | F25: =E25*C25 -> 325.5
A26: =ROW()-4 -> 22 | B26: CALÇA IMPERMEÁVEL PVC | C26: 32.55 | D26: XG | E26: 1 | F26: =E26*C26 -> 32.55
A27: =ROW()-4 -> 23 | B27: CAPA DE CHUVA PVC AMARELA G | C27: 40 | D27: G | E27: 14 | F27: =E27*C27 -> 560
A28: =ROW()-4 -> 24 | B28: CAPA DE CHUVA PVC AMARELA M | C28: 40 | D28: M | E28: 20 | F28: =E28*C28 -> 800
A29: =ROW()-4 -> 25 | B29: CAPA DE CHUVA PVC AMARELA P | C29: 40 | D29: P | E29: 20 | F29: =E29*C29 -> 800
A30: =ROW()-4 -> 26 | B30: CAPA DE CHUVA PVC AMARELA XG | C30: 40 | D30: GG | E30: 10 | F30: =E30*C30 -> 400
A31: =ROW()-4 -> 27 | B31: CAPACETE CLASSE B - ABA FRONTAL COM SUSPENSÃO E CATRACA | C31: ='ESTOQUE - SPO'!D36 -> 75 | D31: - | E31: 10 | F31: =E31*C31 -> 750
A32: =ROW()-4 -> 28 | B32: CARNEIRA + CATRACA | C32: 48.25 | D32: - | E32: 6 | F32: =E32*C32 -> 289.5
A33: =ROW()-4 -> 29 | B33: CHAVE DETECTORA DE TENSÃO | D33: - | E33: 15 | F33: =E33*C33 -> 0
A34: =ROW()-4 -> 30 | B34: CINTO DE SEGURANÇA MODELO PARAQUEDISTA TRABALHO EM ALTURA | C34: ='ESTOQUE - SPO'!D40 -> 584.2 | D34: - | E34: 20 | F34: =E34*C34 -> 11684
A35: =ROW()-4 -> 31 | B35: COLETE DE SINALIZAÇÃO REFLETIVO | C35: ='ESTOQUE - SPO'!D42 -> 21 | D35: - | E35: 34 | F35: =E35*C35 -> 714
A36: =ROW()-4 -> 32 | B36: CONE DE SINALIZAÇÃO | C36: ='ESTOQUE - SPO'!D43 -> 39 | D36: 50cm | E36: 50 | F36: =E36*C36 -> 1950
A37: =ROW()-4 -> 33 | B37: DISPOSITIVO GARRA MEIO DE VÃO | E37: 40
A38: =ROW()-4 -> 34 | B38: GARRAFA TÉRMICA 3,5 LITROS | C38: ='ESTOQUE - SPO'!D46 -> 28.94 | D38: - | E38: 25 | F38: =E38*C38 -> 723.5
A39: =ROW()-4 -> 35 | B39: GARRAFA TÉRMICA 5 LITROS | D39: - | E39: 0 | G39: REPOR ESTOQUE
A40: =ROW()-4 -> 36 | B40: JUGULAR TECIDO PARA CAPACETE 3M | C40: 8.63 | E40: 20 | F40: =E40*C40 -> 172.6
A41: =ROW()-4 -> 37 | B41: LUVA DE SEGURANÇA PU ANTICORTE G (9) | C41: 30.66 | D41: 9 | E41: 8 | F41: =E41*C41 -> 245.28
A42: =ROW()-4 -> 38 | B42: LUVA DE SEGURANÇA PU ANTICORTE M (8) | C42: 30.66 | D42: 8 | E42: 5 | F42: =E42*C42 -> 153.3
A43: =ROW()-4 -> 39 | B43: LUVA DE SEGURANÇA PU ANTICORTE P (7) | C43: 30.66 | D43: 7 | E43: 0 | F43: =E43*C43 -> 0 | G43: REPOR ESTOQUE
A44: =ROW()-4 -> 40 | B44: LUVA DE SEGURANÇA PU ANTICORTE XG (10) | C44: 30.66 | D44: 10 | E44: 0 | F44: =E44*C44 -> 0 | G44: REPOR ESTOQUE
A45: =ROW()-4 -> 41 | B45: LUVA DE COBERTURA PARA LUVAS ISOLANTES | E45: 0 | G45: REPOR ESTOQUE
A46: =ROW()-4 -> 42 | B46: LUVA DE VAQUETA CANO CURTO XG | D46: XG | E46: 14
A47: =ROW()-4 -> 43 | B47: LUVA DE VAQUETA CANO CURTO G | C47: ='ESTOQUE - SPO'!D57 -> 38 | D47: 10 | E47: 18 | F47: =E47*C47 -> 684
A48: =ROW()-4 -> 44 | B48: LUVA DE VAQUETA CANO CURTO GG | C48: ='ESTOQUE - SPO'!D58 -> 38 | D48: 11 | E48: 14 | F48: =E48*C48 -> 532
A49: =ROW()-4 -> 45 | B49: LUVA DE VAQUETA CANO CURTO M | C49: ='ESTOQUE - SPO'!D56 -> 38 | D49: 9 | E49: 10 | F49: =E49*C49 -> 380
A50: =ROW()-4 -> 46 | B50: LUVA DE VAQUETA CANO CURTO P | C50: ='ESTOQUE - SPO'!D55 -> 35.89 | D50: 8 | E50: 20 | F50: =E50*C50 -> 717.8
A51: =ROW()-4 -> 47 | C51: 32.55 | D51: G | E51: 11 | F51: =E51*C51 -> 358.05
A52: =ROW()-4 -> 48 | B52: MACACÃO TYVEK M | C52: 32.55 | D52: M | E52: 0 | F52: =E52*C52 -> 0
A53: =ROW()-4 -> 49 | B53: MACACÃO TYVEK P | C53: 31.55 | D53: P | E53: 0 | F53: =E53*C53 -> 0
A54: =ROW()-4 -> 50 | B54: MACACÃO TYVEK XG | C54: 32.55 | D54: XG | E54: 0 | F54: =E54*C54 -> 0
A55: =ROW()-4 -> 51 | B55: ÓCULOS DE SEGURANÇA - ESCURO | C55: ='ESTOQUE - SPO'!D71 -> 9 | D55: - | E55: 43 | F55: =E55*C55 -> 387
A56: =ROW()-4 -> 52 | B56: ÓCULOS DE SEGURANÇA - INCOLOR | C56: ='ESTOQUE - SPO'!D70 -> 8.08 | D56: - | E56: 170 | F56: =E56*C56 -> 1373.6
A57: =ROW()-4 -> 53 | B57: ÒCULOS DE SEGURANÇA DE SOBREPOSIÇÃO ESCURO | C57: =8.08 -> 8.08 | D57: - | E57: 9 | F57: 90
A58: =ROW()-4 -> 54 | B58: ÒCULOS DE SEGURANÇA DE SOBREPOSIÇÃO INCOLOR | C58: ='ESTOQUE - SPO'!D72 -> 0 | D58: - | E58: 9 | F58: =E58*C58 -> 0
A59: =ROW()-4 -> 55 | B59: PROTETOR AURICULAR | E59: 33
A60: =ROW()-4 -> 56 | B60: PROTETOR SOLAR FPS 60 C/ REPELENTE | C60: 24.55 | D60: - | E60: 146 | F60: =E60*C60 -> 3584.3
A61: =ROW()-4 -> 57 | B61: SISTEMA DE RESGATE DE PESSOAS PARA ESCADA - KIT LVM | C61: ='ESTOQUE - SPO'!D92 -> 280.39 | D61: - | E61: 20 | F61: =E61*C61 -> 5607.8
A62: =ROW()-4 -> 58 | B62: TALABARTE DE POSICIONAMENTO COM REGULAGEM 2 METROS | C62: ='ESTOQUE - SPO'!D93 -> 0 | D62: - | E62: 10 | F62: =E62*C62 -> 0
A63: =ROW()-4 -> 59 | B63: TALABARTE DE PREVENÇÃO DE QUEDAS "Y" COM ABSORVEDOR | C63: ='ESTOQUE - SPO'!D94 -> 311.65 | D63: - | E63: 20 | F63: =E63*C63 -> 6233
A64: =ROW()-4 -> 60 | B64: TOUCA ÁRABE | D64: - | E64: 31
A65: =ROW()-4 -> 61 | B65: TRAVA QUEDAS PARA CORDA 12MM | D65: - | E65: 6
F66: =SUM(F5:F62) -> 49457.64
A68: ERGO ATUALIZADO EM: 30/07/2025
A69: Nº | B69: DESCRIÇÃO | C69: R$ /item | D69: TAM. | E69: QTD | F69: R$ /estoque | G69: OBS.:
A70: ESTOQUE PCD / TELETRABALHO
A71: 1 | B71: APOIO PARA OS PÉS | C71: 143.56 | D71: - | E71: 0 | F71: =C71*E71 -> 0
A72: 2 | B72: KEY PAD | C72: 65 | D72: - | E72: 0 | F72: =C72*E72 -> 0
A73: 3 | B73: MOUSE PAD | C73: 44 | D73: - | E73: 0 | F73: =C73*E73 -> 0
A74: 4 | B74: SUPORTE PARA NOTEBOOK | C74: 98.7 | D74: - | E74: 0 | F74: =C74*E74 -> 0
A75: ESTOQUE ADM ERGONOMICO
A76: 1 | B76: APOIO PARA OS PÉS | C76: 143.56 | D76: - | E76: 9 | F76: =C76*E76 -> 1292.04
A77: 2 | B77: KEY PAD | C77: 65 | D77: - | E77: 8 | F77: =C77*E77 -> 520
A78: 3 | B78: MOUSE PAD | C78: 44 | D78: - | E78: 14 | F78: =C78*E78 -> 616
A79: 4 | B79: SUPORTE PARA NOTEBOOK | C79: 98.7 | D79: - | E79: 13 | F79: =C79*E79 -> 1283.1
F80: {=SUM(F71:F74+F76:F79)} -> 3711.14

Sheet ESTOQUE SUL - SC
A1: Nome do Responsável Estoque - Tst ou Eng.: Bruno Odir Ramos
A2: Data da atualização da Planilha: 10/08/2026
A3: Estoque da Cidade/Base: São José/SC
A4: Nº | B4: DESCRIÇÃO | C4: R$ /item | D4: TAM. | E4: QTD | F4: R$ /estoque | G4: OBS.:
A5: 1 | B5: BALDE DE LONA | C5: ='ESTOQUE SUL - RS'!C5 -> 126.1 | E5: 43 | F5: =C5*E5 -> 5422.3
A6: 2 | B6: BANDEIROLA | E6: 33
A7: 3 | B7: BOLSA PARA KIT LVM | E7: 49
A8: 4 | B8: CALÇADO DE SEGURANÇA - TIPO BOTINA | C8: ='ESTOQUE SUL - RS'!C16 -> 104.29 | D8: 34 | E8: 0 | F8: =C8*E8 -> 0 | G8: REPOR ESTOQUE
A9: 5 | B9: CALÇADO DE SEGURANÇA - TIPO BOTINA | C9: ='ESTOQUE SUL - RS'!C17 -> 104.29 | D9: 35 | E9: 28 | F9: =C9*E9 -> 2920.12
A10: 6 | B10: CALÇADO DE SEGURANÇA - TIPO BOTINA | C10: ='ESTOQUE SUL - RS'!C18 -> 104.29 | D10: 36 | E10: 8 | F10: =C10*E10 -> 834.32
A11: 7 | B11: CALÇADO DE SEGURANÇA - TIPO BOTINA | C11: ='ESTOQUE SUL - RS'!C19 -> 104.29 | D11: 37 | E11: 21 | F11: =C11*E11 -> 2190.09
A12: 8 | B12: CALÇADO DE SEGURANÇA - TIPO BOTINA | C12: ='ESTOQUE SUL - RS'!C20 -> 104.29 | D12: 38 | E12: 22 | F12: =C12*E12 -> 2294.38
A13: 9 | B13: CALÇADO DE SEGURANÇA - TIPO BOTINA | C13: ='ESTOQUE SUL - RS'!C21 -> 104.29 | D13: 39 | E13: 26 | F13: =C13*E13 -> 2711.54
A14: 10 | B14: CALÇADO DE SEGURANÇA - TIPO BOTINA | C14: ='ESTOQUE SUL - RS'!C35 -> 21 | D14: 40 | E14: 20 | F14: =C14*E14 -> 420
A15: 11 | B15: CALÇADO DE SEGURANÇA - TIPO BOTINA | C15: ='ESTOQUE SUL - RS'!C35 -> 21 | D15: 41 | E15: 21 | F15: =C15*E15 -> 441
A16: 12 | B16: CALÇADO DE SEGURANÇA - TIPO BOTINA | C16: ='ESTOQUE SUL - RS'!C36 -> 39 | D16: 42 | E16: 36 | F16: =C16*E16 -> 1404
A17: 13 | B17: CALÇADO DE SEGURANÇA - TIPO BOTINA | C17: ='ESTOQUE SUL - RS'!C39 -> 0 | D17: 43 | E17: 21 | F17: =C17*E17 -> 0
A18: 14 | B18: CALÇADO DE SEGURANÇA - TIPO BOTINA | C18: ='ESTOQUE SUL - RS'!C43 -> 30.66 | D18: 44 | E18: 6 | F18: =C18*E18 -> 183.96
A19: 15 | B19: CALÇADO DE SEGURANÇA - TIPO BOTINA | C19: ='ESTOQUE SUL - RS'!C44 -> 30.66 | D19: 45 | E19: 8 | F19: =C19*E19 -> 245.28 | G19: REPOR ESTOQUE
A20: 16 | B20: CALÇADO DE SEGURANÇA - TIPO BOTINA | C20: ='ESTOQUE SUL - RS'!C47 -> 38 | D20: 46 | E20: 0 | F20: =C20*E20 -> 0
A21: 17 | B21: CAPA DE CHUVA PVC AMARELA | C21: ='ESTOQUE SUL - RS'!C27 -> 40 | D21: P | E21: 15 | F21: =C21*E21 -> 600 | G21: REPOR ESTOQUE
A22: 18 | B22: CAPA DE CHUVA PVC AMARELA | C22: ='ESTOQUE SUL - RS'!C28 -> 40 | D22: M | E22: 6 | F22: =C22*E22 -> 240 | G22: REPOR ESTOQUE
A23: 19 | B23: CAPA DE CHUVA PVC AMARELA | C23: ='ESTOQUE SUL - RS'!C29 -> 40 | D23: G | E23: 26 | F23: =C23*E23 -> 1040
A24: 20 | B24: CAPA DE CHUVA PVC AMARELA | C24: ='ESTOQUE SUL - RS'!C30 -> 40 | D24: GG | E24: 18 | F24: =C24*E24 -> 720 | G24: REPOR ESTOQUE
A25: 21 | B25: CAPACETE CLASSE B - ABA FRONTAL COM SUSPENSÃO E CATRACA | C25: ='ESTOQUE SUL - RS'!C26 -> 32.55 | E25: 27 | F25: =C25*E25 -> 878.85
A26: 22 | B26: CARNEIRA + CATRACA | C26: 48.25 | E26: 28 | F26: =C26*E26 -> 1351
A27: 23 | B27: CHAVE DETECTORA DE TENSÃO | C27: ='ESTOQUE SUL - RS'!C32 -> 48.25 | E27: 27 | F27: =C27*E27 -> 1302.75
A28: 24 | B28: CINTO DE SEGURANÇA MODELO PARAQUEDISTA TRABALHO EM ALTURA | C28: ='ESTOQUE SUL - RS'!C33 -> 0 | E28: 16 | F28: =C28*E28 -> 0
A29: 25 | B29: COLETE DE SINALIZAÇÃO REFLETIVO | C29: ='ESTOQUE SUL - RS'!C34 -> 584.2 | E29: 0 | F29: =C29*E29 -> 0 | G29: REPOR ESTOQUE
A30: 26 | B30: CONE DE SINALIZAÇÃO (75 cm) | C30: 111.82 | E30: 29 | F30: =C30*E30 -> 3242.78
A31: 27 | B31: GARRA MEIO DE VÃO | E31: 14
A32: 28 | B32: GARRAFA TÉRMICA | C32: ='ESTOQUE SUL - RS'!C36 -> 39 | E32: 24 | F32: =C32*E32 -> 936
A33: 29 | B33: JUGULAR TECIDO PARA CAPACETE 3M | C33: 8.63 | E33: 50 | F33: =C33*E33 -> 431.5
A34: 30 | B34: LUVA DE COBERTURA EM VAQUETA CANO LONGO | C34: 36.42 | E34: 0 | F34: =C34*E34 -> 0
A35: 31 | B35: LUVA DE SEGURANÇA PU ANTICORTE P | C35: 30.66 | E35: 7 | F35: =C35*E35 -> 214.62
A36: 32 | B36: LUVA DE SEGURANÇA PU ANTICORTE M | E36: 17
A37: 33 | B37: LUVA DE SEGURANÇA PU ANTICORTE G | E37: 12
A38: 34 | B38: LUVA DE SEGURANÇA PU ANTICORTE XG | E38: 45
A39: 35 | B39: LUVA DE VAQUETA CANO CURTO | C39: ='ESTOQUE SUL - RS'!C39 -> 0 | E39: 61 | F39: =C39*E39 -> 0
A40: 36 | B40: LUVA ISOLANTE - CLASSE 00 | C40: 383 | E40: 0 | F40: =C40*E40 -> 0
A41: 37 | B41: ÓCULOS DE SEGURANÇA - ESCURO | C41: ='ESTOQUE SUL - RS'!C53 -> 31.55 | E41: 36 | F41: =C41*E41 -> 1135.8
A42: 38 | B42: ÓCULOS DE SEGURANÇA - INCOLOR | C42: ='ESTOQUE SUL - RS'!C54 -> 32.55 | E42: 83 | F42: =C42*E42 -> 2701.65
A43: 39 | B43: ÓCULOS DE SOBREPOSIÇÃO - ESCURO | C43: ='ESTOQUE - SPO'!D73 -> 0 | E43: 28 | F43: =C43*E43 -> 0
A44: 40 | B44: ÓCULOS DE SOBREPOSIÇÃO - INCOLOR | C44: ='ESTOQUE - SPO'!D72 -> 0 | E44: 0 | F44: =C44*E44 -> 0
A45: 41 | B45: PROTETOR LABIAL | E45: 14
A46: 42 | B46: PROTETOR SOLAR FPS 60 C/ REPELENTE | C46: 24.55 | E46: 120 | F46: =C46*E46 -> 2946
A47: 43 | B47: ESTOJO PARA RESGATE LVM | E47: 19
A48: 44 | B48: SISTEMA DE RESGATE DE PESSOAS PARA ESCADA - KIT LVM | C48: ='ESTOQUE SUL - RS'!C58 -> 0 | E48: 14 | F48: =C48*E48 -> 0
A49: 45 | B49: TALABARTE DE POSICIONAMENTO COM REGULAGEM 2 METROS | C49: ='ESTOQUE SUL - RS'!C60 -> 24.55 | E49: 52 | F49: =C49*E49 -> 1276.6
A50: 46 | B50: TALABARTE DE PREVENÇÃO DE QUEDAS "Y" COM ABSORVEDOR | C50: ='ESTOQUE - SPO'!D94 -> 311.65 | E50: 36 | F50: =C50*E50 -> 11219.4
A51: 47 | B51: TOUCA ARABE | E51: 72
A52: 48 | B52: TRAVA QUEDAS PARA CORDA 12MM | C52: ='ESTOQUE SUL - RS'!C62 -> 0 | E52: 31 | F52: =C52*E52 -> 0
F53: =SUM(F5:F52) -> 49303.94
A56: Nº | B56: DESCRIÇÃO | C56: R$ /item | D56: TAM. | E56: QTD | F56: R$ /estoque | G56: OBS.:
A57: ESTOQUE PCD / TELETRABALHO
A58: 1 | B58: APOIO PARA OS PÉS | C58: 143.56 | D58: - | E58: 0 | F58: =C58*E58 -> 0
A59: 2 | B59: KEY PAD | C59: 65 | D59: - | E59: 0 | F59: =C59*E59 -> 0
A60: 3 | B60: MOUSE PAD | C60: 44 | D60: - | E60: 0 | F60: =C60*E60 -> 0
A61: 4 | B61: SUPORTE PARA NOTEBOOK | C61: 98.7 | D61: - | E61: 0 | F61: =C61*E61 -> 0
A62: ESTOQUE ADM ERGONOMICO
A63: 1 | B63: APOIO PARA OS PÉS | C63: 143.56 | D63: - | E63: 15 | F63: =C63*E63 -> 2153.4
A64: 2 | B64: KEY PAD | C64: 65 | D64: - | E64: =35-10 -> 25 | F64: =C64*E64 -> 1625
A65: 3 | B65: MOUSE PAD | C65: 44 | D65: - | E65: 16 | F65: =C65*E65 -> 704
A66: 4 | B66: SUPORTE PARA NOTEBOOK | C66: 98.7 | D66: - | E66: 18 | F66: =C66*E66 -> 1776.6
F67: {=SUM(F58:F61+F63:F66)} -> 6259

Sheet ESTOQUE - SPO
A1: Nome do Responsável Estoque (TST ou ENG): MÁRCIO CURY
A2: Responsáveis: CAIUBI (MÁRCIO)/ BARRA FUNDA (CÉSAR)/ R. PRETO (CÉSAR)/ CAMPINAS e PIRACICABA (PEDRO ROSSI)/ MOGI (ÉRIK)
A3: Estoque da Cidade ou Base: SÃO PAULO - SP
A4: Nº | B4: DESCRIÇÃO | C4: TAM. | D4: Valor do Item | E4: CAIUBI | F4: RIBEIRÃO PRETO | G4: BARRA FUNDA | H4: CAMPINAS | I4: PIRACICABA | J4: MOGI DAS CRUZES
A5: INVENTÁRIO REALIZADO EM: | E5: 13/08/2026 | F5: 22/07/2026 | G5: 46192 | H5: 46191 | J5: 22/06/2026
A6: 1 | B6: BALDE DE LONA | C6: UN | D6: 126.1 | E6: 269 | F6: 46 | G6: 41 | H6: 45 | I6: 8 | J6: 0
A7: 2 | B7: BANDEIROLA DE SINALIZAÇÃO SEM CABO | C7: UN | D7: 22.19 | E7: 99 | F7: 43 | G7: 183 | H7: 63 | I7: 14 | J7: 8
A8: 3 | B8: BOLSA PARA CORDA LVM | C8: UN | D8: 0 | E8: 26 | F8: 0 | G8: 0 | H8: 0 | I8: 0 | J8: 0
A9: 4 | B9: BOTINA DE PVC | C9: 38 | D9: 0 | E9: 8 | F9: 0 | G9: 0 | H9: 0 | I9: 0 | J9: 0
A10: 5 | B10: BOTINA DE PVC | C10: 39 | D10: 0 | E10: 17 | F10: 0 | G10: 0 | H10: 0 | I10: 0 | J10: 0
A11: 6 | B11: BOTINA DE PVC | C11: 40 | D11: 0 | E11: 2 | F11: 0 | G11: 0 | H11: 0 | I11: 0 | J11: 0
A12: 7 | B12: BOTINA DE PVC | C12: 41 | D12: 0 | E12: 5 | F12: 0 | G12: 0 | H12: 1 | I12: 0 | J12: 0
A13: 8 | B13: BOTINA DE PVC | C13: 42 | D13: 0 | E13: 6 | F13: 0 | G13: 0 | H13: 0 | I13: 0 | J13: 0
A14: 9 | B14: BOTINA DE PVC | C14: 43 | D14: 0 | E14: 4 | F14: 0 | G14: 0 | H14: 0 | I14: 0 | J14: 0
A15: 10 | B15: BOTINA DE PVC | C15: 44 | D15: 0 | E15: 2 | F15: 0 | G15: 0 | H15: 0 | I15: 0 | J15: 0
A16: 11 | B16: CALÇADO DE SEGURANÇA - TIPO BOTINA | C16: 33 | D16: 104.29 | E16: 37 | F16: 0 | G16: 0 | H16: 0 | I16: 0 | J16: 2
A17: 12 | B17: CALÇADO DE SEGURANÇA - TIPO BOTINA | C17: 34 | D17: 104.29 | E17: 36 | F17: 0 | G17: 0 | H17: 1 | I17: 0 | J17: 1
A18: 13 | B18: CALÇADO DE SEGURANÇA - TIPO BOTINA | C18: 35 | D18: 104.29 | E18: 37 | F18: 0 | G18: 5 | H18: 21 | I18: 0 | J18: 14
A19: 14 | B19: CALÇADO DE SEGURANÇA - TIPO BOTINA | C19: 36 | D19: 104.29 | E19: 21 | F19: 0 | G19: 2 | H19: 20 | I19: 1 | J19: 16
A20: 15 | B20: CALÇADO DE SEGURANÇA - TIPO BOTINA | C20: 37 | D20: 104.29 | E20: 20 | F20: 0 | G20: 5 | H20: 9 | I20: 3 | J20: 18
... A31: 26 | B31: CALÇADO DE SEGURANÇA - TIPO BOTINA | C31: 48 | D31: 104.29 | E31: 12 | F31: 0 | G31: 0 | H31: 0 | I31: 0 | J31: 0
A32: 27 | B32: CAPA DE CHUVA PVC AMARELA | C32: P | D32: 40 | E32: 126 | F32: 20 | G32: 4 | H32: 10 | I32: 0 | J32: 40
A33: 28 | B33: CAPA DE CHUVA PVC AMARELA | C33: M | D33: 40 | E33: 91 | F33: 19 | G33: 10 | H33: 1 | I33: 0 | J33: 27
A34: 29 | B34: CAPA DE CHUVA PVC AMARELA | C34: G | D34: 40 | E34: 92 | F34: 17 | G34: 23 | H34: 0 | I34: 2 | J34: 11
A35: 30 | B35: CAPA DE CHUVA PVC AMARELA | C35: XG | D35: 40 | E35: 166 | F35: 19 | G35: 5 | H35: 35 | I35: 2 | J35: 21
A36: 31 | B36: CAPACETE CLASSE B - ABA FRONTAL | C36: UN | D36: 75 | E36: 240 | F36: 30 | G36: 27 | H36: 8 | I36: 11 | J36: 33
A37: 32 | B37: CARNEIRA + CATRACA | C37: UN | D37: 48.25 | E37: 129 | F37: 20 | G37: 19 | H37: 38 | I37: 1 | J37: 20
A38: 33 | B38: CARTUCHO VO HONEYHELL RESPI | C38: UN | D38: 0 | E38: 54 | F38: 0 | G38: 0 | H38: 0 | I38: 0 | J38: 0
A39: 34 | B39: CHAVE DETECTORA DE TENSÃO | C39: UN | D39: 87.97 | E39: 64 | F39: 56 | G39: 74 | H39: 19 | I39: 0 | J39: 26
A40: 35 | B40: CINTO DE SEGURANÇA TRABALHO EM ALTURA | C40: UN | D40: 584.2 | E40: 292 | F40: 25 | G40: 27 | H40: 90 | I40: 6 | J40: 8
A41: 36 | B41: CINTO ERGONÔMICO | C41: UN | D41: 0 | E41: 12 | F41: 0 | G41: 0 | H41: 0 | I41: 0 | J41: 0
A42: 37 | B42: COLETE DE SINALIZAÇÃO REFLETIVO | C42: UN | D42: 21 | E42: 63 | F42: 15 | G42: 23 | H42: 16 | I42: 10 | J42: 11
A43: 38 | B43: CONE DE SINALIZAÇÃO (50 cm) | C43: UN | D43: 39 | E43: 740 | F43: 41 | G43: 86 | H43: 12 | I43: 12 | J43: 130
A44: 39 | B44: CONE DE SINALIZAÇÃO (75 cm) | C44: UN | D44: 0 | E44: 26 | F44: 0 | G44: 0 | H44: 0 | I44: 0 | J44: 0
A45: 40 | B45: DISPOSITIVO GARRA MEIO VÃO | C45: UN | E45: 70 | F45: 13 | G45: 44 | H45: 0 | I45: 0 | J45: 2
A46: 41 | B46: GARRAFA TÉRMICA 3,5 LITROS | C46: UN | D46: 28.94 | E46: 126 | F46: 0 | G46: 26 | H46: 3 | I46: 0 | J46: 11
A47: 42 | B47: GARRAFA TÉRMICA 5,0 LITROS | C47: UN | D47: 28.94 | E47: 16 | F47: 25 | G47: 2 | H47: 30 | I47: 8 | J47: 0
A48: 43 | B48: JUGULAR TECIDO PARA CAPACETE 3M | C48: UN | D48: 8.63 | E48: 40 | F48: 0 | G48: 38 | H48: 12 | I48: 0 | J48: 69
A49: 44 | B49: LUV ALTA TENSÃO CLASSE 00 TIPO II | C49: 9 | D49: 0 | E49: 7 | F49: 0 | G49: 0 | H49: 0 | I49: 0 | J49: 0
A50: 45 | B50: LUV ALTA TENSÃO CLASSE 00 TIPO II | C50: 10 | D50: 0 | E50: 7 | F50: 0 | G50: 0 | H50: 0 | I50: 0 | J50: 0
A51: 46 | B51: LUV ALTA TENSÃO CLASSE 00 TIPO II | C51: 11 | D51: 0 | E51: 2 | F51: 0 | G51: 0 | H51: 0 | I51: 0 | J51: 0
A52: 47 | B52: LUVA DE MALHA PU ANTICORTE | C52: P | D52: 35.89 | E52: 65 | F52: 20 | G52: 11 | H52: 67 | I52: 2 | J52: 67
A53: 48 | B53: LUVA DE MALHA PU ANTICORTE | C53: M | D53: 35.89 | E53: 66 | F53: 25 | G53: 29 | H53: 28 | I53: 7 | J53: 83
A54: 49 | B54: LUVA DE MALHA PU ANTICORTE | C54: G | D54: 35.89 | E54: 254 | F54: 27 | G54: 17 | H54: 16 | I54: 1 | J54: 43
A55: 50 | B55: LUVA DE MALHA PU ANTICORTE | C55: XG | D55: 35.89 | E55: 265 | F55: 25 | G55: 16 | H55: 53 | I55: 11 | J55: 3
A56: 51 | B56: LUVA DE VAQUETA CANO CURTO | C56: 9 | D56: 38 | E56: 83 | F56: 14 | G56: 0 | H56: 11 | I56: 2 | J56: 6
A57: 52 | B57: LUVA DE VAQUETA CANO CURTO | C57: 10 | D57: 38 | E57: 90 | F57: 0 | G57: 88 | H57: 23 | I57: 1 | J57: 101
A58: 53 | B58: LUVA DE VAQUETA CANO CURTO | C58: 11 | D58: 38 | E58: 100 | F58: 0 | G58: 0 | H58: 33 | I58: 12 | J58: 75
A59: 54 | B59: LUVA PVC FORRADA | C59: M | D59: 0 | E59: 10 | F59: 0 | G59: 0 | H59: 0 | I59: 0 | J59: 1
A60: 55 | B60: LUVA PVC FORRADA | C60: G | D60: 0 | E60: 15 | F60: 0 | G60: 0 | H60: 0 | I60: 0 | J60: 0
A61: 56 | B61: LUVA PVC FORRADA | C61: XG | D61: 0 | E61: 7 | F61: 0 | G61: 0 | H61: 0 | I61: 0 | J61: 0
A62: 57 | B62: LUVA PETROLEIRA | C62: M | D62: 0 | E62: 10 | F62: 0 | G62: 0 | H62: 0 | I62: 0 | J62: 0
A63: 58 | B63: LUVA PETROLEIRA | C63: G | D63: 0 | E63: 7 | F63: 0 | G63: 0 | H63: 0 | I63: 0 | J63: 0
A64: 59 | B64: LUVA PETROLEIRA | C64: XG | D64: 0 | E64: 0 | F64: 0 | G64: 0 | H64: 0 | I64: 0 | J64: 0
A65: 60 | B65: MACACÃO QUIMICO DUPONT | C65: M | D65: 0 | E65: 4 | F65: 0 | G65: 0 | H65: 0 | I65: 0 | J65: 0
A66: 61 | B66: MACACÃO QUIMICO DUPONT | C66: G | D66: 0 | E66: 2 | F66: 0 | G66: 0 | H66: 0 | I66: 0 | J66: 0
A67: 62 | B67: MACACÃO QUIMICO DUPONT | C67: XXG | D67: 0 | E67: 4 | F67: 0 | G67: 0 | H67: 0 | I67: 0 | J67: 0
A68: 63 | B68: ÓCULOS DE SEGURANÇA ESCURO | C68: UN | D68: 4 | E68: 105 | F68: 26 | G68: 39 | H68: 77 | I68: 4 | J68: 24
A69: 64 | B69: ÓCULOS DE SEGURANÇA INCOLOR | C69: UN | D69: 4.85 | E69: 240 | F69: 22 | G69: 98 | H69: 76 | I69: 1 | J69: 80
A70: 65 | B70: ÓCULOS DE SEGURANÇA SOBREPOSIÇÃO ESCURO | C70: UN | D70: 8.08 | E70: 314 | F70: 0 | G70: 41 | H70: 87 | I70: 5 | J70: 1
A71: 66 | B71: ÓCULOS DE SEGURANÇA SOBREPOSIÇÃO INCOLOR | C71: UN | D71: 9 | E71: 324 | F71: 0 | G71: 24 | H71: 84 | I71: 2 | J71: 17
A72: 67 | B72: PALMILHA | C72: 34 | D72: 0 | E72: 18 | F72: 0 | G72: 0 | H72: 0 | I72: 0 | J72: 0
A73: 68 | B73: PALMILHA | C73: 35 | D73: 0 | E73: 14 | F73: 0 | G73: 0 | H73: 2 | I73: 0 | J73: 19
A74: 69 | B74: PALMILHA | C74: 36 | D74: 0 | E74: 16 | F74: 0 | G74: 0 | H74: 1 | I74: 0 | J74: 26
A75: 70 | B75: PALMILHA | C75: 37 | D75: 0 | E75: 20 | F75: 0 | G75: 0 | H75: 2 | I75: 1 | J75: 28
A76: 71 | B76: PALMILHA | C76: 38 | D76: 0 | E76: 23 | F76: 19 | G76: 0 | H76: 22 | I76: 0 | J76: 29
A77: 72 | B77: PALMILHA | C77: 39 | D77: 0 | E77: 20 | F77: 20 | G77: 4 | H77: 23 | I77: 1 | J77: 27
A78: 73 | B78: PALMILHA | C78: 40 | D78: 0 | E78: 19 | F78: 20 | G78: 0 | H78: 25 | I78: 0 | J78: 13
A79: 74 | B79: PALMILHA | C79: 41 | D79: 0 | E79: 25 | F79: 20 | G79: 0 | H79: 30 | I79: 1 | J79: 11
A80: 75 | B80: PALMILHA | C80: 42 | D80: 0 | E80: 26 | F80: 16 | G80: 0 | H80: 40 | I80: 0 | J80: 14
A81: 76 | B81: PALMILHA | C81: 43 | D81: 0 | E81: 25 | F81: 20 | G81: 0 | H81: 21 | I81: 0 | J81: 22
A82: 77 | B82: PALMILHA | C82: 44 | D82: 0 | E82: 10 | F82: 20 | G82: 0 | H82: 20 | I82: 1 | J82: 15
A83: 78 | B83: PALMILHA | C83: 45 | D83: 0 | E83: 4 | F83: 20 | G83: 0 | H83: 0 | I83: 0 | J83: 19
A84: 79 | B84: PALMILHA | C84: 46 | D84: 0 | E84: 0 | F84: 0 | G84: 0 | H84: 0 | I84: 0 | J84: 0
A85: 80 | B85: PERNEIRA DE PROTEÇÃO | C85: PAR | D85: 41.39 | E85: 57 | F85: 9 | G85: 0 | H85: 30 | I85: 0 | J85: 35
A86: 81 | B86: PROTETOR AURICULAR TIPO CONCHA | C86: UN | D86: 173.3 | E86: 14 | F86: 0 | G86: 0 | H86: 0 | I86: 0 | J86: 0
A87: 82 | B87: PROTETOR AURICULAR TIPO PLUG | C87: UN | D87: 2.36 | E87: 0 | F87: 0 | G87: 0 | H87: 0 | I87: 0 | J87: 0
A88: 83 | B88: PROTETOR SOLAR FPS 60 C/ REPELENTE (OBS.: VENCE EM: ??) | C88: UN | D88: 24.55 | E88: 155 | F88: 128 | G88: 0 | H88: 65 | I88: 7 | J88: 40
A89: 84 | B89: RESPIRADOR SEMIFACIAL HONEYWELL 2 CARTUCHOS | C89: UN | D89: 0 | E89: 18 | F89: 0 | G89: 0 | H89: 0 | I89: 0 | J89: 0
A90: 85 | B90: SISTEMA DE RESGATE "KIT LVM" | C90: UN | D90: 890.46 | E90: 154 | F90: 0 | G90: 38 | H90: 50 | I90: 5 | J90: 1
A91: 86 | B91: TALABARTE DE POSICIONAMENTO COM REGULAGEM 2 METROS | C91: UN | D91: 355 | E91: 200 | F91: 30 | G91: 47 | H91: 91 | I91: 0 | J91: 14
A92: 87 | B92: TALABARTE DE PREVENÇÃO DE QUEDAS "Y" COM ABSORVEDOR | C92: UN | D92: 280.39 | E92: 20 | F92: 0 | G92: 0 | H92: 0 | I92: 0 | J92: 5
A93: 88 | B93: TOUCA ÁRABE | C93: UN | D93: 0 | E93: 100 | F93: 15 | G93: 54 | H93: 23 | I93: 2 | J93: 26
A94: 89 | B94: TRAVA QUEDAS PARA CORDA 12MM | C94: UN | D94: 311.65 | E94: 220 | F94: 31 | G94: 17 | H94: 90 | I94: 1 | J94: 21
A95: 90 | B95: TRAPÉZIO SUSPENSOR ESPAÇO CONFINADO | C95: UN | D95: 0 | E95: 2 | F95: 0 | G95: 0 | H95: 0 | I95: 0 | J95: 0
A96: EQUIPAMENTOS PARA TORRISTA
A97: 91 | B97: CAPACETE MONTANA PARA TORRISTA | C97: UN | D97: 180.23 | E97: 0 | F97: 0 | G97: 0 | H97: 0 | I97: 0 | J97: 0
A98: 92 | B98: CINTO DE SEGURANÇA PARA TORRISTA | C98: UN | D98: 755 | E98: 0 | F98: 0 | G98: 0 | H98: 0 | I98: 0 | J98: 0
A99: 93 | B99: TALABARTE DE POSICIONAMENTO PARA TORRISTA | C99: UN | D99: 355 | E99: 0 | F99: 0 | G99: 0 | H99: 0 | I99: 0 | J99: 0
A100: 94 | B100: TALABARTE EM "Y" PARA TORRISTA | C100: UN | D100: 280.39 | E100: 0 | F100: 0 | G100: 0 | H100: 0 | I100: 0 | J100: 0
A101: 95 | B101: TRAVA QUEDAS PARA CABO DE AÇO 8MM | C101: UN | D101: 385 | E101: 0 | F101: 0 | G101: 0 | H101: 0 | I101: 0 | J101: 0
A103: ITENS ERGONÔMICOS
A104: ERGO ATUALIZADO EM: | C104: UN | D104: R$ p/ UN | E104: Data: xx/xx | F104: Data: xx/xx | G104: Data: xx/xx | H104: Data: xx/xx | I104: Data: xx/xx | J104: Data: xx/xx
A105: Nº | B105: DESCRIÇÃO | E105: CAIUBI | F105: RIBEIRÃO PRETO | G105: BARRA FUNDA | H105: CAMPINAS | I105: PIRACICABA | J105: MOGI DAS CRUZES
A106: ESTOQUE ADM
A107: 1 | B107: APOIO PARA OS PÉS | C107: UN | D107: 143.56 | E107: 0 | F107: 0 | G107: 0 | H107: 0 | I107: 0 | J107: 0
A108: 2 | B108: KEY PAD | C108: UN | D108: 65 | E108: 0 | F108: 0 | G108: 0 | H108: 0 | I108: 0 | J108: 0
A109: 3 | B109: MOUSE PAD | C109: UN | D109: 44 | E109: 0 | F109: 0 | G109: 0 | H109: 0 | I109: 0 | J109: 0
A110: 4 | B110: SUPORTE PARA NOTEBOOK | C110: UN | D110: 98.7 | E110: 0 | F110: 0 | G110: 0 | H110: 0 | I110: 0 | J110: 0
A111: ESTOQUE PCD/ TELETRABALHO
...

Sheet ESTOQUE SUL - PR
A1: Nome do Responsável Estoque - Tst ou Eng.: MAICON JOSE DE OLIVEIRA
A2: Data da atualização da Planilha: 03/07/2026
A3: Estoque da Cidade/Base: Curitiba - PR
A4: Nº | B4: DESCRIÇÃO | C4: R$ /item | D4: TAM. | E4: QTD | F4: R$ /estoque | G4: OBS.:
A5: 1 | B5: BALDE DE LONA | C5: ='ESTOQUE - SPO'!D6 -> 126.1 | D5: - | E5: 60 | F5: =C5*E5 -> 7566
A6: 2 | B6: CALÇADO DE SEGURANÇA - TIPO BOTINA | C6: ='ESTOQUE - SPO'!D16 -> 104.29 | D6: 33 | E6: 1 | F6: =C6*E6 -> 104.29
A7: 3 | B7: CALÇADO DE SEGURANÇA - TIPO BOTINA | C7: ='ESTOQUE - SPO'!D17 -> 104.29 | D7: 34 | E7: 3 | F7: =C7*E7 -> 312.87
A8: 4 | B8: CALÇADO DE SEGURANÇA - TIPO BOTINA | C8: ='ESTOQUE - SPO'!D18 -> 104.29 | D8: 35 | E8: 5 | F8: =C8*E8 -> 521.45
A9: 5 | B9: CALÇADO DE SEGURANÇA - TIPO BOTINA | C9: ='ESTOQUE - SPO'!D19 -> 104.29 | D9: 36 | E9: 5 | F9: =C9*E9 -> 521.45
A10: 6 | B10: CALÇADO DE SEGURANÇA - TIPO BOTINA | C10: ='ESTOQUE - SPO'!D20 -> 104.29 | D10: 37 | E10: 10 | F10: =C10*E10 -> 1042.9
A11: 7 | B11: CALÇADO DE SEGURANÇA - TIPO BOTINA | C11: ='ESTOQUE - SPO'!D21 -> 104.29 | D11: 38 | E11: 10 | F11: =C11*E11 -> 1042.9
A12: 8 | B12: CALÇADO DE SEGURANÇA - TIPO BOTINA | C12: ='ESTOQUE - SPO'!D22 -> 104.29 | D12: 39 | E12: 10 | F12: =C12*E12 -> 1042.9
A13: 9 | B13: CALÇADO DE SEGURANÇA - TIPO BOTINA | C13: ='ESTOQUE - SPO'!D23 -> 104.29 | D13: 40 | E13: 15 | F13: =C13*E13 -> 1564.35
A14: 10 | B14: CALÇADO DE SEGURANÇA - TIPO BOTINA | C14: ='ESTOQUE - SPO'!D24 -> 104.29 | D14: 41 | E14: 15 | F14: =C14*E14 -> 1564.35
A15: 11 | B15: CALÇADO DE SEGURANÇA - TIPO BOTINA | C15: ='ESTOQUE - SPO'!D25 -> 104.29 | D15: 42 | E15: 15 | F15: =C15*E15 -> 1564.35
A16: 12 | B16: CALÇADO DE SEGURANÇA - TIPO BOTINA | C16: ='ESTOQUE - SPO'!D26 -> 104.29 | D16: 43 | E16: 10 | F16: =C16*E16 -> 1042.9
A17: 13 | B17: CALÇADO DE SEGURANÇA - TIPO BOTINA | C17: ='ESTOQUE - SPO'!D27 -> 104.29 | D17: 44 | E17: 8 | F17: =C17*E17 -> 834.32
... A19: 15 | B19: CALÇADO DE SEGURANÇA - TIPO BOTINA | C19: ='ESTOQUE - SPO'!D29 -> 104.29 | D19: 46 | E19: 2 | F19: =C19*E19 -> 208.58
A20: 16 | B20: CAPA DE CHUVA PVC AMARELA | C20: ='ESTOQUE - SPO'!D32 -> 40 | D20: P | E20: 15 | F20: =C20*E20 -> 600
A21: 17 | B21: CAPA DE CHUVA PVC AMARELA | C21: ='ESTOQUE - SPO'!D33 -> 40 | D21: M | E21: 15 | F21: =C21*E21 -> 600
A22: 18 | B22: CAPA DE CHUVA PVC AMARELA | C22: ='ESTOQUE - SPO'!D34 -> 40 | D22: G | E22: 16 | F22: =C22*E22 -> 640
A23: 19 | B23: CAPA DE CHUVA PVC AMARELA | C23: ='ESTOQUE - SPO'!D35 -> 40 | D23: GG | E23: 15 | F23: =C23*E23 -> 600
A24: 20 | B24: CAPACETE CLASSE B - ABA FRONTAL COM SUSPENSÃO E CATRACA | C24: ='ESTOQUE - SPO'!D36 -> 75 | D24: - | E24: 25 | F24: =C24*E24 -> 1875
A25: 21 | B25: CARNEIRA DE TECIDO COM CATRACA | C25: ='ESTOQUE - SPO'!D37 -> 48.25 | D25: - | E25: 30 | F25: =C25*E25 -> 1447.5
A26: 22 | B26: CHAVE DETECTORA DE TENSÃO | D26: - | E26: 30 | F26: =C26*E26 -> 0
A27: 23 | B27: CINTO DE SEGURANÇA TRABALHO EM ALTURA | C27: ='ESTOQUE - SPO'!D40 -> 584.2 | D27: - | E27: 20 | F27: =C27*E27 -> 11684
A28: 24 | B28: COLETE DE SINALIZAÇÃO REFLETIVO | C28: ='ESTOQUE - SPO'!D42 -> 21 | D28: - | E28: 100 | F28: =C28*E28 -> 2100
A29: 25 | B29: CONE DE SINALIZAÇÃO (50 cm) | C29: ='ESTOQUE - SPO'!D43 -> 39 | D29: - | E29: 35 | F29: =C29*E29 -> 1365
A30: 26 | B30: GARRAFA TÉRMICA | C30: ='ESTOQUE - SPO'!D46 -> 28.94 | E30: 12 | F30: =C30*E30 -> 347.28
A31: 27 | B31: GARRA DE MEIO DE VÃO | E31: 15
A32: 28 | B32: JUGULAR PARA CAPACETE | C32: ='ESTOQUE - SPO'!D60 -> 0 | D32: - | E32: 35 | F32: =C32*E32 -> 0
A33: 29 | B33: LUVA DE SEGURANÇA PU ANTICORTE | C33: 30.66 | D33: P | E33: 200 | F33: =C32*E33 -> 0
A34: 30 | B34: LUVA DE SEGURANÇA PU ANTICORTE | C34: 30.66 | D34: M | E34: 150 | F34: =C32*E34 -> 0
A35: 31 | B35: LUVA DE SEGURANÇA PU ANTICORTE | C35: 30.66 | D35: G | E35: 180 | F35: =C32*E35 -> 0
A36: 32 | B36: LUVA DE SEGURANÇA PU ANTICORTE | C36: 30.66 | D36: XG | E36: 200 | F36: =C32*E36 -> 0
A37: 33 | B37: LUVA DE VAQUETA CANO CURTO | C37: ='ESTOQUE - SPO'!D55 -> 35.89 | E37: 120 | F37: =C37*E37 -> 4306.8
A38: 34 | B38: ÓCULOS DE SEGURANÇA - ESCURO | C38: ='ESTOQUE - SPO'!D71 -> 9 | D38: - | E38: 150 | F38: =C38*E38 -> 1350
A39: 35 | B39: ÓCULOS DE SEGURANÇA - INCOLOR | C39: ='ESTOQUE - SPO'!D70 -> 8.08 | D39: - | E39: 140 | F39: =C39*E39 -> 1131.2
A40: 36 | B40: ÓCULOS DE SEGURANÇA DE SOBREPOR | C40: ='ESTOQUE - SPO'!D73 -> 0 | D40: - | E40: 50 | F40: =C40*E40 -> 0
A41: 37 | B41: ÓCULOS DE SEGURANÇA DE SOBREPOR ESCURO | C41: ='ESTOQUE - SPO'!D73 -> 0 | D41: - | E41: 50 | F41: =C41*E41 -> 0
A42: 39 | B42: PERNEIRA DE PROTEÇÃO | C42: 41.39 | D42: - | E42: 8 | F42: =C42*E42 -> 331.12
A43: 40 | B43: PROTETOR SOLAR FPS 60 C/ REPELENTE | C43: 24.55 | D43: - | E43: 150 | F43: =C43*E43 -> 3682.5
A44: 41 | B44: SISTEMA DE RESGATE DE PESSOAS PARA ESCADA - KIT LVM | C44: ='ESTOQUE - SPO'!D92 -> 280.39 | D44: - | E44: 20 | F44: =C44*E44 -> 5607.8
A45: 42 | B45: TALABARTE DE POSICIONAMENTO COM REGULAGEM 2 METROS | C45: ='ESTOQUE - SPO'!D93 -> 0 | D45: - | E45: 50 | F45: =C45*E45 -> 0
A46: 43 | B46: TALABARTE DE PREVENÇÃO DE QUEDAS "Y" COM ABSORVEDOR | C46: ='ESTOQUE - SPO'!#REF! -> #REF! | D46: - | E46: 10 | F46: =C46*E46 -> #REF! | G46: Kit para os telecom
A47: 44 | B47: TRAVA QUEDAS PARA CORDA 12MM | C47: ='ESTOQUE - SPO'!#REF! -> #REF! | D47: - | E47: 15 | F47: =C47*E47 -> #REF!
A48: 45 | B48: TOUCA ARABE | E48: 30
A49: 46 | B49: PROTETOR AURICULAR TIPO CONCHA | E49: 10
F50: =SUM(F5:F47) -> #REF!
A52: ERGO ATUALIZADO EM: 02/06/2026 - Curitiba -PR
A53: Nº | B53: DESCRIÇÃO | C53: R$ /item | D53: TAM. | E53: QTD | F53: R$ /estoque | G53: OBS.:
A54: ESTOQUE PCD / TELETRABALHO
A55: 1 | B55: APOIO PARA OS PÉS | C55: 143.56 | D55: - | E55: 12 | F55: =C55*E55 -> 1722.72
A56: 2 | B56: KEY PAD | C56: 65 | D56: - | E56: 203 | F56: =C56*E56 -> 13195
A57: 3 | B57: MOUSE PAD | C57: 44 | D57: - | E57: 102 | F57: =C57*E57 -> 4488
A58: 4 | B58: SUPORTE PARA NOTEBOOK | C58: 98.7 | D58: - | E58: 67 | F58: =C58*E58 -> 6612.9
A59: ESTOQUE ADM
A60: 1 | B60: APOIO PARA OS PÉS | C60: 143.56 | D60: - | E60: 5 | F60: =C60*E60 -> 717.8 | G60: Sala RH
A61: 2 | B61: KEY PAD | C61: 65 | D61: - | E61: 86 | F61: =C61*E61 -> 5590 | G61: Sala RH
A62: 3 | B62: MOUSE PAD | C62: 44 | D62: - | E62: 2 | F62: =C62*E62 -> 88 | G62: Sala RH
A63: 4 | B63: SUPORTE PARA NOTEBOOK | C63: 98.7 | D63: - | E63: 85 | F63: =C63*E63 -> 8389.5 | G63: Sala RH
F64: {=SUM(F55:F58+F60:F63)} -> 40803.92
A65: ESTOQUE ADM / CALL CENTER - PRADO VELHO ATUALIZADO 14/10/2025
A66: 1 | B66: APOIO PARA OS PÉS | C66: 143.56 | D66: - | E66: 53 | F66: =C66*E66 -> 7608.68 | G66: PEDIDO DE 50 - 03/08/25
A67: 2 | B67: KEY PAD | C67: 65 | D67: - | E67: 183 | F67: =C67*E67 -> 11895 | G67: PEDIDO DE 150 - 03/08/25
A68: 3 | B68: MOUSE PAD | C68: 44 | D68: - | E68: 186 | F68: =C68*E68 -> 8184 | G68: PEDIDO DE 150 - 03/08/25
A69: 4 | B69: SUPORTE PARA NOTEBOOK | C69: 98.7 | D69: - | E69: 150 | F69: =C69*E69 -> 14805 | G69: PEDIDO DE 100 - 03/08/25
A70: 5 | B70: ABAFADOR DE RUIDOS | C70: 0 | D70: - | E70: 4
F71: =SUM(F66:F69) -> 42492.68
A74: ERGO ATUALIZADO EM: 02/06/2026 - Maringá -PR
A75: Nº | B75: DESCRIÇÃO | C75: R$ /item | D75: TAM. | E75: QTD | F75: R$ /estoque | G75: OBS.:
A76: ESTOQUE ADM
A77: 1 | B77: APOIO PARA OS PÉS | C77: 143.56 | D77: - | E77: 15 | F77: =C77*E77 -> 2153.4 | G77: Almoxarifado (Maringá)
A78: 2 | B78: KEY PAD | C78: 65 | D78: - | E78: 12 | F78: =C78*E78 -> 780 | G78: Almoxarifado (Maringá)
A79: 3 | B79: MOUSE PAD | C79: 44 | D79: - | E79: 10 | F79: =C79*E79 -> 440 | G79: Almoxarifado (Maringá)
A80: 4 | B80: SUPORTE PARA NOTEBOOK | C80: 98.7 | D80: - | E80: 15 | F80: =C80*E80 -> 1480.5 | G80: Almoxarifado (Maringá)
F81: {=SUM(F64:F74+F77:F80)} -> #N/A
A83: Nome do Responsável Estoque - Tst ou Eng. ANDRE CICERO GALLI
A84: Data da atualização da Planilha: 20/07/2026
A85: Estoque da Cidade/Base: Maringá (Londrina, Cascavel e Foz do Iguaçu) PR
A86: Nº | B86: DESCRIÇÃO | C86: R$ /item | D86: TAM. | E86: QTD | F86: R$ /estoque | G86: OBS.:
A87: 1 | B87: BALDE DE LONA | C87: ='ESTOQUE - SPO'!D113 -> 65 | D87: - | E87: 67 | F87: =C87*E87 -> 4355
A88: 2 | B88: CALÇADO DE SEGURANÇA - TIPO BOTINA | C88: ='ESTOQUE - SPO'!D115 -> 98.7 | D88: 33 | E88: 0 | F88: =C88*E88 -> 0
A89: 3 | B89: CALÇADO DE SEGURANÇA - TIPO BOTINA | C89: ='ESTOQUE - SPO'!D116 -> 0 | D89: 34 | E89: 0 | F89: =C89*E89 -> 0
A90: 4 | B90: CALÇADO DE SEGURANÇA - TIPO BOTINA | C90: ='ESTOQUE - SPO'!D117 -> 0 | D90: 35 | E90: 0 | F90: =C90*E90 -> 0
A91: 5 | B91: CALÇADO DE SEGURANÇA - TIPO BOTINA | C91: ='ESTOQUE - SPO'!D118 -> R$ p/ UN | D91: 36 | E91: 0 | F91: =C91*E91 -> #VALUE!
A92: 6 | B92: CALÇADO DE SEGURANÇA - TIPO BOTINA | C92: ='ESTOQUE - SPO'!D119 -> 0 | D92: 37 | E92: 0 | F92: =C92*E92 -> 0
A93: 7 | B93: CALÇADO DE SEGURANÇA - TIPO BOTINA | C93: ='ESTOQUE - SPO'!D120 -> 0 | D93: 38 | E93: 3 | F93: =C93*E93 -> 0
A94: 8 | B94: CALÇADO DE SEGURANÇA - TIPO BOTINA | C94: ='ESTOQUE - SPO'!D121 -> 143.56 | D94: 39 | E94: 7 | F94: =C94*E94 -> 1004.92
A95: 9 | B95: CALÇADO DE SEGURANÇA - TIPO BOTINA | C95: ='ESTOQUE - SPO'!D122 -> 65 | D95: 40 | E95: 19 | F95: =C95*E95 -> 1235
A96: 10 | B96: CALÇADO DE SEGURANÇA - TIPO BOTINA | C96: ='ESTOQUE - SPO'!D123 -> 44 | D96: 41 | E96: 9 | F96: =C96*E96 -> 396
A97: 11 | B97: CALÇADO DE SEGURANÇA - TIPO BOTINA | C97: ='ESTOQUE - SPO'!D124 -> 98.7 | D97: 42 | E97: 16 | F97: =C97*E97 -> 1579.2
A98: 12 | B98: CALÇADO DE SEGURANÇA - TIPO BOTINA | C98: ='ESTOQUE - SPO'!D125 -> 0 | D98: 43 | E98: 3 | F98: =C98*E98 -> 0
A99: 13 | B99: CALÇADO DE SEGURANÇA - TIPO BOTINA | C99: ='ESTOQUE - SPO'!D126 -> 143.56 | D99: 44 | E99: 1 | F99: =C99*E99 -> 143.56
... A101: 15 | B101: CALÇADO DE SEGURANÇA - TIPO BOTINA | C101: ='ESTOQUE - SPO'!D128 -> 44 | D101: 46 | E101: 0 | F101: =C101*E101 -> 0
A102: 16 | B102: CAPA DE CHUVA PVC AMARELA | C102: ='ESTOQUE - SPO'!D131 -> 0 | D102: P | E102: 0 | F102: =C102*E102 -> 0
A103: 17 | B103: CAPA DE CHUVA PVC AMARELA | C103: ='ESTOQUE - SPO'!D132 -> 0 | D103: M | E103: 0 | F103: =C103*E103 -> 0
A104: 18 | B104: CAPA DE CHUVA PVC AMARELA | C104: ='ESTOQUE - SPO'!D133 -> 0 | D104: G | E104: 20 | F104: =C104*E104 -> 0
A105: 19 | B105: CAPA DE CHUVA PVC AMARELA | C105: ='ESTOQUE - SPO'!D134 -> 0 | D105: GG | E105: 21 | F105: =C105*E105 -> 0
A106: 20 | B106: CAPACETE CLASSE B - ABA FRONTAL COM SUSPENSÃO E CATRACA | C106: ='ESTOQUE - SPO'!D135 -> 0 | D106: - | E106: 60 | F106: =C106*E106 -> 0
...

Sheet ESTOQUE SDT - RJ
A1: Nome do Responsável Estoque - Tst ou Eng.: Aline de Oliveira Rodrigues / Luis Carlos Neves Passeri
A2: Data da atualização da Planilha: 08/07/2026
A3: Estoque da Cidade/Base: Vila Isabel - Rio de Janeiro - RJ
A4: Nº | B4: DESCRIÇÃO | C4: R$ /item | D4: TAM. | E4: QTD | F4: R$ /estoque | G4: OBS.:
A5: 1 | B5: ÁLCOOL GEL | D5: - | E5: 0 | F5: =C5*E5 -> 0
A6: 2 | B6: BALDE DE LONA | C6: ='ESTOQUE - SPO'!D6 -> 126.1 | D6: - | E6: 0 | F6: =C6*E6 -> 0
A7: =ROW()-4 -> 3 | B7: BANDEROLA PARA ESCADA | D7: - | E7: 190 | F7: =C7*E7 -> 0
A8: 4 | B8: BOTA PVC LONGA 32 CM Nº 38 | C8: 69.9 | D8: 38 | E8: 0 | F8: =C8*E8 -> 0
A9: 5 | B9: BOTA PVC LONGA 32 CM Nº 39 | C9: 69.9 | D9: 39 | E9: 0 | F9: =C9*E9 -> 0
A10: 6 | B10: BOTA PVC LONGA 32 CM Nº 40 | C10: 69.9 | D10: 40 | E10: 0 | F10: =C10*E10 -> 0
A11: 7 | B11: BOTA PVC LONGA 32 CM Nº 41 | C11: 69.9 | D11: 41 | E11: 0 | F11: =C11*E11 -> 0
A12: 8 | B12: BOTA PVC LONGA 32 CM Nº 42 | C12: 69.9 | D12: 42 | E12: 0 | F12: =C12*E12 -> 0
A13: 9 | B13: BOTINA DE SEGURANCA SEM BIQUEIRA (VICHI) Nº 33 | C13: 104.29 | D13: 33 | E13: 7 | F13: =C13*E13 -> 730.03
A14: 10 | B14: BOTINA DE SEGURANCA SEM BIQUEIRA (VICHI) Nº 34 | C14: 104.29 | D14: 32 | E14: 7 | F14: =C14*E14 -> 730.03
A15: 11 | B15: BOTINA DE SEGURANCA SEM BIQUEIRA (VICHI) Nº 35 | C15: 104.29 | D15: 35 | E15: 0 | F15: =C15*E15 -> 0
A16: 12 | B16: BOTINA DE SEGURANCA SEM BIQUEIRA (VICHI) Nº 36 | C16: 104.29 | D16: 36 | E16: 0 | F16: =C16*E16 -> 0
A17: 13 | B17: BOTINA DE SEGURANCA SEM BIQUEIRA (VICHI) Nº 37 | C17: 104.29 | D17: 37 | E17: 1 | F17: =C17*E17 -> 104.29
A18: 15 | B18: BOTINA DE SEGURANCA SEM BIQUEIRA (VICHI) Nº 38 | C18: 104.29 | D18: 38 | E18: 1 | F18: =C18*E18 -> 104.29
A19: 16 | B19: BOTINA DE SEGURANCA SEM BIQUEIRA (VICHI) Nº 39 | C19: 104.29 | D19: 39 | E19: 6 | F19: =C19*E19 -> 625.74
... A27: 24 | B27: BOTINA DE SEGURANCA SEM BIQUEIRA (VICHI) Nº 48 | C27: 104.29 | D27: 48 | E27: 0 | F27: =C27*E27 -> 0
A28: 25 | B28: CAPA DE CHUVA COM CAPUZ AMARELA | C28: 40 | E28: 172 | F28: =C28*E28 -> 6880
A29: 26 | B29: CAPACETE ALPINISTA SEM ABA | C29: 180.93 | D29: - | E29: 29 | F29: =C29*E29 -> 5246.97
A30: 27 | B30: CAPACETE CLASSE B - ABA FRONTAL | C30: 75 | D30: - | E30: 173 | F30: =C30*E30 -> 12975
A31: 28 | B31: CARNEIRA + CATRACA PARA CAPACETE | C31: 48.25 | D31: - | E31: 46 | F31: =C31*E31 -> 2219.5
A32: 29 | B32: CHAVE DETECTORA DE TENSÃO | C32: 87.97 | D32: - | E32: 192 | F32: =C32*E32 -> 16890.24
A33: 30 | B33: CINTO DE SEGURANÇA - TELECOM | C33: 584.2 | D33: - | E33: 21 | F33: =C33*E33 -> 12268.2
A34: 31 | B34: COLETE DE SINALIZAÇÃO | C34: 21 | D34: - | E34: 7 | F34: =C34*E34 -> 147
A35: 32 | B35: CONE DE SINALIZAÇÃO BORRACHA, LARANJA/BRANCO, 50 CM | C35: 39 | D35: - | E35: 17 | F35: =C35*E35 -> 663
A36: 33 | B36: FITA DE ANCORAGEM AMARELA | C36: 81.83 | D36: - | E36: 61 | F36: =C36*E36 -> 4991.63
A37: 34 | B37: GARRA MEIO DE VÃO | E37: 208
A38: 35 | B38: GARRAFA TÉRMICA – 3,5 | C38: 28.94 | D38: - | E38: 109 | F38: =C38*E38 -> 3154.46
A39: 36 | B39: JUGULAR TECIDO CAPACETE 3M | C39: 8.63 | D39: - | E39: 2 | F39: =C39*E39 -> 17.26
A40: 37 | B40: LUVA ISOLANTE - CLASSE 00 – 500 V | C40: 267.69 | E40: 0 | F40: =C40*E40 -> 0
A41: 38 | B41: LUVA DE COBERTURA EM VAQUETA CANO LONGO | C41: 267.69 | E41: 0 | F41: =C41*E41 -> 0
A42: 39 | B42: LUVA DE PVC CANO CURTO VERDE | C42: 9.8 | E42: 100 | F42: =C43*E42 -> 3066
A43: 40 | B43: LUVA DE SEGURANÇA PU ANTICORTE | C43: 30.66 | E43: 241 | F43: =C44*E43 -> 9158
A44: 41 | B44: LUVA DE VAQUETA CANO CURTO | C44: 38 | E44: 50 | F44: =C44*E44 -> 1900
A45: 42 | B45: LUVA DE VAQUETA CONFORT SEM DEDO | C45: 36.31 | E45: 29 | F45: =C45*E45 -> 1052.99
A46: 43 | B46: LUVA PIGMENTADA | C46: 23.7 | E46: 35
A47: 44 | B47: MÁSCARA DE PANO - ROXA VIVO (pacote com 5) | D47: - | E47: 198 | F47: =C47*E47 -> 0
A48: 45 | B48: MOSQUETÃO OVAL AÇO TRAVA ROSCA | C48: 62.14 | D48: - | E48: 15 | F48: =C48*E48 -> 932.1
A49: 46 | B49: ÓCULOS DE SEGURANÇA - FUMÊ | C49: 4 | E49: 21 | F49: =C49*E49 -> 84
A50: 47 | B50: ÓCULOS DE SEGURANÇA - INCOLOR | C50: 4.85 | D50: - | E50: 25 | F50: =C50*E50 -> 121.25
A51: 48 | B51: ÓCULOS DE SEGURANÇA - SOBREPOR FUMÊ | C51: 8.08 | D51: - | E51: 2 | F51: =C51*E51 -> 16.16
A52: 49 | B52: ÓCULOS DE SEGURANÇA - SOBREPOR INCOLOR | C52: 9 | D52: - | E52: 13 | F52: =C52*E52 -> 117
A53: 50 | B53: PALMILHA MARLUVAS Nº 35 | D53: 35 | E53: 0
A54: 51 | B54: PALMILHA MARLUVAS Nº 36 | D54: 36 | E54: 0
A55: 52 | B55: PALMILHA MARLUVAS Nº 37 | D55: 37 | E55: 16
A56: 53 | B56: PALMILHA MARLUVAS Nº 38 | D56: 38 | E56: 13
A57: 54 | B57: PALMILHA MARLUVAS Nº 39 | D57: 39 | E57: 14
A58: 55 | B58: PALMILHA MARLUVAS Nº 40 | D58: 40 | E58: 9
A59: 56 | B59: PALMILHA MARLUVAS Nº 41 | D59: 41 | E59: 10
A60: 57 | B60: PALMILHA MARLUVAS Nº 42 | D60: 42 | E60: 41
A61: 58 | B61: PALMILHA MARLUVAS Nº 43 | D61: 43 | E61: 73
A62: 59 | B62: PALMILHA MARLUVAS Nº 44 | D62: 44 | E62: 0
A63: 60 | B63: PALMILHA MARLUVAS Nº 45 | D63: 45 | E63: 0
A64: 61 | B64: PALMILHA MARLUVAS Nº 46 | D64: 46 | E64: 0
A65: 62 | B65: PERNEIRA DE PROTEÇÃO | C65: 41.39 | D65: - | E65: 2 | F65: =C65*E65 -> 82.78
A66: 63 | B66: PROTETOR AURICULAR - TIPO CONCHA | C66: 148.03 | D66: - | E66: 4 | F66: =C66*E66 -> 592.12
A67: 64 | B67: PROTETOR SOLAR FPS 60 C/ REPELENTE (Validade: XX/XX) | C67: 24.55 | E67: 202 | F67: =C67*E67 -> 4959.1
A68: 65 | B68: SISTEMA DE RESGATE DE PESSOAS PARA ESCADA - KIT LVM | C68: 890.46 | D68: - | E68: 99 | F68: =C68*E68 -> 88155.54
A69: 66 | B69: TALABARTE DE POSICIONAMENTO | C69: 355 | D69: - | E69: 125 | F69: =C69*E69 -> 44375
A70: 67 | B70: TALABARTE DE PREVENÇÃO DE QUEDAS EM “Y” COM ABSORVEDOR DE ENERGIA | C70: 280.39 | D70: - | E70: 38 | F70: =C70*E70 -> 10654.82
A71: 68 | B71: TOUCA TIPO ARABE | E71: 70
A72: 69 | B72: TRAVA QUEDAS PARA CABO DE AÇO | C72: 385 | D72: - | E72: 0 | F72: =C72*E72 -> 0
A73: 70 | B73: TRAVA QUEDAS PARA CORDA 12MM | C73: 311.65 | D73: - | E73: 178 | F73: =C73*E73 -> 55473.7
F74: =SUM(F5:F73) -> 328014.11
A76: ERGO ATUALIZADO EM: 24/03/2026
A77: Nº | B77: DESCRIÇÃO | C77: R$ /item | D77: TAM. | E77: QTD | F77: R$ /estoque | G77: OBS.:
A78: ESTOQUE PCD / TELETRABALHO
A79: 1 | B79: MOUSE PAD ESPECTRO | C79: 44 | D79: - | E79: 0 | F79: =C79*E79 -> 0
A80: 2 | B80: KEY PAD ESPECTRO | C80: 65 | D80: - | E80: 0 | F80: =C80*E80 -> 0
A81: 3 | B81: SUPORTE PARA NOTE BOOK ESPECTRO | C81: 98.7 | D81: - | E81: 0 | F81: =C81*E81 -> 0
A82: 4 | B82: APOIO ERGONÔMICO PARA OS PÉS | C82: 143.56 | D82: - | E82: 0 | F82: =C82*E82 -> 0
A83: ESTOQUE ADM
A84: 1 | B84: MOUSE PAD ESPECTRO | C84: 44 | D84: - | E84: 35 | F84: =C84*E84 -> 1540
A85: 2 | B85: KEY PAD ESPECTRO | C85: 65 | D85: - | E85: 70 | F85: =C85*E85 -> 4550
A86: 3 | B86: SUPORTE PARA NOTE BOOK ESPECTRO | C86: 98.7 | D86: - | E86: 35 | F86: =C86*E86 -> 3454.5
A87: 4 | B87: APOIO ERGONÔMICO PARA OS PÉS | C87: 143.56 | D87: - | E87: 10 | F87: =C87*E87 -> 1435.6
F88: {=SUM(F79:F82+F84:F87)} -> 10980.1

Sheet ESTOQUE SDT-MG
A1: Nome do Responsável Estoque - Tst ou Eng.: Willander Ramos dos Reiss
A2: Data da atualização da Planilha: 21/08/2026
A3: Estoque da Cidade/Base: Barão Homem de Melo - Belo Horizonte - MG
A4: Nº | B4: DESCRIÇÃO | C4: R$ /item | D4: TAM. | E4: QTD | F4: R$ /estoque | G4: OBS.:
A5: 1 | B5: ÁLCOOL GEL | D5: - | E5: 0 | F5: =C5*E5 -> 0
A6: 2 | B6: BALDE DE LONA | C6: 126.1 | D6: - | E6: 56 | F6: =C6*E6 -> 7061.6
A7: 3 | B7: BOTINA DE SEGURANCA SEM BIQUEIRA (VICHI) Nº 33 | C7: 104.29 | D7: 33 | E7: 1 | F7: =C7*E7 -> 104.29
A8: 4 | B8: BOTINA DE SEGURANCA SEM BIQUEIRA (VICHI) Nº 34 | C8: 104.29 | D8: 34 | E8: 1 | F8: =C8*E8 -> 104.29
A9: 5 | B9: BOTINA DE SEGURANCA SEM BIQUEIRA (VICHI) Nº 35 | C9: 104.29 | D9: 35 | E9: 8 | F9: =C9*E9 -> 834.32
A10: 6 | B10: BOTINA DE SEGURANCA SEM BIQUEIRA (VICHI) Nº 36 | C10: 104.29 | D10: 36 | E10: 2 | F10: =C10*E10 -> 208.58
A11: 7 | B11: BOTINA DE SEGURANCA SEM BIQUEIRA (VICHI) Nº 37 | C11: 104.29 | D11: 37 | E11: 0 | F11: =C11*E11 -> 0
A12: 8 | B12: BOTINA DE SEGURANCA SEM BIQUEIRA (VICHI) Nº 38 | C12: 104.29 | D12: 38 | E12: 0 | F12: =C12*E12 -> 0
A13: 9 | B13: BOTINA DE SEGURANCA SEM BIQUEIRA (VICHI) Nº 39 | C13: 104.29 | D13: 39 | E13: 3 | F13: =C13*E13 -> 312.87
A14: 10 | B14: BOTINA DE SEGURANCA SEM BIQUEIRA (VICHI) Nº 40 | C14: 104.29 | D14: 40 | E14: 2 | F14: =C14*E14 -> 208.58
A15: 11 | B15: BOTINA DE SEGURANCA SEM BIQUEIRA (VICHI) Nº 41 | C15: 104.29 | D15: 41 | E15: 0 | F15: =C15*E15 -> 0
A16: 12 | B16: BOTINA DE SEGURANCA SEM BIQUEIRA (VICHI) Nº 42 | C16: 104.29 | D16: 42 | E16: 4 | F16: =C16*E16 -> 417.16
A17: 13 | B17: BOTINA DE SEGURANCA SEM BIQUEIRA (VICHI) Nº 43 | C17: 104.29 | D17: 43 | E17: 8 | F17: =C17*E17 -> 834.32
A18: 14 | B18: BOTINA DE SEGURANCA SEM BIQUEIRA (VICHI) Nº 44 | C18: 104.29 | D18: 44 | E18: 4 | F18: =C18*E18 -> 417.16
... A21: 17 | B21: BOTINA DE SEGURANCA SEM BIQUEIRA (VICHI) Nº 48 | C21: 104.29 | D21: 48 | E21: 0 | F21: =C21*E21 -> 0
B22: CAPA DE CHUVA COM CAPUZ AMARELA - M | C22: 40 | E22: 19 | F22: =C22*E22 -> 760
B23: CAPA DE CHUVA COM CAPUZ AMARELA - G | C23: 40 | E23: 1 | F23: =C23*E23 -> 40
B24: CAPA DE CHUVA COM CAPUZ AMARELA - EXG | C24: 40 | D24: - | E24: 22 | F24: =C24*E24 -> 880
B25: CAPACETE ALPINISTA SEM ABA | C25: 180.23 | D25: - | E25: 0 | F25: =C25*E25 -> 0
B26: CAPACETE CLASSE B - ABA FRONTAL | C26: 75 | D26: - | E26: 64 | F26: =C26*E26 -> 4800
B27: CARNEIRA + CATRACA PARA CAPACETE | C27: 48.25 | D27: - | E27: 99 | F27: =C27*E27 -> 4776.75
B28: CHAVE DETECTORA DE TENSÃO | C28: 87.97 | D28: - | E28: 72 | F28: =C28*E28 -> 6333.84
B29: CINTO DE SEGURANÇA - TELECOM | C29: 584.2 | D29: - | E29: 63 | F29: =C29*E29 -> 36804.6
B30: COLETE DE SINALIZAÇÃO | C30: 21 | D30: - | E30: 38 | F30: =C30*E30 -> 798
B31: CONE DE SINALIZAÇÃO BORRACHA, LARANJA/BRANCO, 50 CM | C31: 39 | D31: - | E31: 182 | F31: =C31*E31 -> 7098
B32: GARRA MEIO DE VÃO | E32: 46
B33: GARRAFA TÉRMICA – 3,5 | C33: 28.94 | D33: - | E33: 59 | F33: =C33*E33 -> 1707.46
B34: JUGULAR TECIDO PARA CAPACETE 3M | C34: 8.63 | D34: - | E34: 88 | F34: =C34*E34 -> 759.44
B35: KIT PRIMEIROS SOCORROS | D35: - | E35: 0 | F35: =C35*E35 -> 0
B36: LUVA ISOLANTE - CLASSE 00 – 500 V | C36: 267.69 | D36: - | E36: 0 | F36: =C36*E36 -> 0
B37: LUVA DE COBERTURA EM VAQUETA CANO LONGO | C37: 36.42 | D37: - | E37: 0 | F37: =C37*E37 -> 0
B38: LUVA DE SEGURANÇA PU ANTICORTE - 7 | C38: 30.66 | E38: 76 | F38: =C38*E38 -> 2330.16
B39: LUVA DE SEGURANÇA PU ANTICORTE - 8 | C39: 30.66 | E39: 0 | F39: =C39*E39 -> 0
B40: LUVA DE SEGURANÇA PU ANTICORTE - 9 | C40: 30.66 | E40: 10 | F40: =C40*E40 -> 306.6
B41: LUVA DE SEGURANÇA PU ANTICORTE - 10 | C41: 30.66 | E41: 15 | F41: =C41*E41 -> 459.9
B42: LUVA DE VAQUETA CANO CURTO 9 | C42: 38 | D42: - | E42: 13 | F42: =C42*E42 -> 494
B43: LUVA DE VAQUETA CANO CURTO 10 | C43: 38 | E43: 8 | F43: =C43*E43 -> 304
B44: LUVA DE VAQUETA CANO CURTO 11 | C44: 38 | E44: 21 | F44: =C44*E44 -> 798
B45: LUVA DE VAQUETA SEM DEDO | C45: 36.31 | D45: - | E45: 0 | F45: =C45*E45 -> 0
B46: MÁSCARA DE PANO - ROXA VIVO | D46: - | E46: 0 | F46: =C46*E46 -> 0
B47: MOSQUETÃO OVAL AÇO TRAVA ROSCA | C47: 62.14 | D47: - | E47: 0 | F47: =C47*E47 -> 0
B48: ÓCULOS DE SEGURANÇA - FUMÊ | C48: 4 | D48: - | E48: 53 | F48: =C48*E48 -> 212
B49: ÓCULOS DE SEGURANÇA - INCOLOR | C49: 4.85 | D49: - | E49: 51 | F49: =C49*E49 -> 247.35
B50: ÓCULOS DE SEGURANÇA - SOBREPOR FUMÊ | C50: 8.08 | D50: - | E50: 0 | F50: =C50*E50 -> 0
B51: ÓCULOS DE SEGURANÇA - SOBREPOR INCOLOR | C51: 9 | D51: - | E51: 0 | F51: =C51*E51 -> 0
B52: PALMILHA REMOVÍVEL PU MARLUVAS | C52: 14.83 | D52: 35 | E52: 10 | F52: =C52*E52 -> 148.3
B53: PALMILHA REMOVÍVEL PU MARLUVAS | C53: 14.83 | D53: 36 | E53: 8 | F53: =C53*E53 -> 118.64
B54: PALMILHA REMOVÍVEL PU MARLUVAS | C54: 14.83 | D54: 37 | E54: 2 | F54: =C54*E54 -> 29.66
B55: PALMILHA REMOVÍVEL PU MARLUVAS | C55: 14.83 | D55: 38 | E55: 0 | F55: =C55*E55 -> 0
B56: PALMILHA REMOVÍVEL PU MARLUVAS | C56: 14.83 | D56: 39 | E56: 0 | F56: =C56*E56 -> 0
B57: PALMILHA REMOVÍVEL PU MARLUVAS | C57: 14.83 | D57: 40 | E57: 0 | F57: =C57*E57 -> 0
B58: PALMILHA REMOVÍVEL PU MARLUVAS | C58: 14.83 | D58: 41 | E58: 0 | F58: =C58*E58 -> 0
B59: PALMILHA REMOVÍVEL PU MARLUVAS | C59: 14.83 | D59: 42 | E59: 0 | F59: =C59*E59 -> 0
B60: PALMILHA REMOVÍVEL PU MARLUVAS | C60: 14.83 | D60: 43 | E60: 0 | F60: =C60*E60 -> 0
B61: PALMILHA REMOVÍVEL PU MARLUVAS | C61: 14.83 | D61: 44 | E61: 0 | F61: =C61*E61 -> 0
B62: PALMILHA REMOVÍVEL PU MARLUVAS | C62: 14.83 | D62: 45 | E62: 3 | F62: =C62*E62 -> 44.49
B63: PERNEIRA DE PROTEÇÃO | C63: 41.39 | D63: - | E63: 18 | F63: =C63*E63 -> 745.02
B64: PROTETOR AURICULAR - TIPO CONCHA | C64: 148.03 | D64: - | E64: 0 | F64: =C64*E64 -> 0
B65: PROTETOR SOLAR FPS 30 REPELENTE (Validade: 05/2026) | C65: 15.19 | D65: - | E65: 0 | F65: =C65*E65 -> 0
B66: PROTETOR SOLAR FPS 60 C/ REPELENTE (Validade: XX/XX) | C66: 24.55 | E66: 79 | F66: =C66*E66 -> 1939.45
B67: SISTEMA DE RESGATE DE PESSOAS PARA ESCADA - KIT LVM | C67: 890.46 | D67: - | E67: 65 | F67: =C67*E67 -> 57879.9
B68: TALABARTE DE POSICIONAMENTO | C68: 355 | D68: - | E68: 42 | F68: =C68*E68 -> 14910
B69: TALABARTE DE PREVENÇÃO DE QUEDAS EM “Y” | C69: 280.39 | D69: - | E69: 0 | F69: =C69*E69 -> 0
B70: TOUCA TIPO ARABE EM BRIM | C70: 15.3 | E70: 29
B71: TRAVA QUEDAS PARA CABO DE AÇO | C71: 385 | D71: - | E71: 0 | F71: =C71*E71 -> 0
B72: TRAVA QUEDAS PARA CORDA 12MM | C72: 311.65 | D72: - | E72: 41 | F72: =C72*E72 -> 12777.65
F73: =SUM(F5:F72) -> 169006.38
A75: ERGO ATUALIZADO EM: 25/08/2025
A76: Nº | B76: DESCRIÇÃO | C76: R$ /item | D76: TAM. | E76: QTD | F76: R$ /estoque | G76: OBS.:
A77: ESTOQUE PCD / TELETRABALHO
A78: 1 | B78: MOUSE PAD ESPECTRO | C78: 44 | D78: - | E78: 0 | F78: =C78*E78 -> 0
A79: 2 | B79: KEY PAD ESPECTRO | C79: 65 | D79: - | E79: 0 | F79: =C79*E79 -> 0
A80: 3 | B80: SUPORTE PARA NOTE BOOK ESPECTRO | C80: 98.7 | D80: - | E80: 0 | F80: =C80*E80 -> 0
A81: 4 | B81: APOIO ERGONÔMICO PARA OS PÉS | C81: 143.56 | D81: - | E81: 0 | F81: =C81*E81 -> 0
A82: ESTOQUE ADM
A83: 1 | B83: MOUSE PAD ESPECTRO | C83: 44 | D83: - | E83: 15 | F83: =C83*E83 -> 660
A84: 2 | B84: KEY PAD ESPECTRO | C84: 65 | D84: - | E84: 20 | F84: =C84*E84 -> 1300
A85: 3 | B85: SUPORTE PARA NOTE BOOK ESPECTRO | C85: 98.7 | D85: - | E85: 55 | F85: =C85*E85 -> 5428.5
A86: 4 | B86: APOIO ERGONÔMICO PARA OS PÉS | C86: 143.56 | D86: - | E86: 0 | F86: =C86*E86 -> 0
F87: {=SUM(F78:F81+F83:F86)} -> 7388.5

Sheet ESTOQUE SDT - ES
A1: Nome do Responsável Estoque - Tst ou Eng.: Karine Novaes Assem
A2: Data da atualização da Planilha: 24/04/2026
A3: Estoque da Cidade/Base: Mata da Praia - Vitória – ES - Av. Adalberto Simão Nader, 531 - CEP: 29066-900
A4: Nº | B4: DESCRIÇÃO | C4: R$ /item | D4: TAM. | E4: QTD | F4: R$ /estoque | G4: OBS.:
A5: 1 | B5: ÁlCOOL GEL 500ML | D5: - | E5: 0 | F5: =C5*E5 -> 0
A6: 2 | B6: BALDE DE LONA | C6: 126.1 | D6: - | E6: 107 | F6: =C6*E6 -> 13492.7
A7: 3 | B7: BOTA PVC LONGA 32 CM Nº 38 | C7: 69.9 | D7: 38 | E7: 0 | F7: =C7*E7 -> 0
A8: 4 | B8: BOTA PVC LONGA 32 CM Nº 39 | D8: 39 | E8: 0
A9: 5 | B9: BOTA PVC LONGA 32 CM Nº 40 | D9: 40 | E9: 0
A10: 6 | B10: BOTA PVC LONGA 32 CM Nº 41 | D10: 41 | E10: 0
A11: 7 | B11: BOTA PVC LONGA 32 CM Nº 42 | D11: 42 | E11: 0
A12: 8 | B12: BOTINA DE SEGURANCA SEM BIQUEIRA (VICHI) Nº 33 | C12: 104.29 | D12: 33 | E12: 0 | F12: =C12*E12 -> 0
A13: 9 | B13: BOTINA DE SEGURANCA SEM BIQUEIRA (VICHI) Nº 34 | C13: 104.29 | D13: 34 | E13: 1 | F13: =C13*E13 -> 104.29
A14: 10 | B14: BOTINA DE SEGURANCA SEM BIQUEIRA (VICHI) Nº 35 | C14: 104.29 | D14: 35 | E14: 0 | F14: =C14*E14 -> 0
A15: 11 | B15: BOTINA DE SEGURANCA SEM BIQUEIRA (VICHI) Nº 36 | C15: 104.29 | D15: 36 | E15: 0 | F15: =C15*E15 -> 0
A16: 12 | B16: BOTINA DE SEGURANCA SEM BIQUEIRA (VICHI) Nº 37 | C16: 104.29 | D16: 37 | E16: 11 | F16: =C16*E16 -> 1147.19
A17: 13 | B17: BOTINA DE SEGURANCA SEM BIQUEIRA (VICHI) Nº 38 | C17: 104.29 | D17: 38 | E17: 10 | F17: =C17*E17 -> 1042.9
A18: 14 | B18: BOTINA DE SEGURANCA SEM BIQUEIRA (VICHI) Nº 39 | C18: 104.29 | D18: 39 | E18: 13 | F18: =C18*E18 -> 1355.77
A19: 15 | B19: BOTINA DE SEGURANCA SEM BIQUEIRA (VICHI) Nº 40 | C19: 104.29 | D19: 40 | E19: 22 | F19: =C19*E19 -> 2294.38
A20: 16 | B20: BOTINA DE SEGURANCA SEM BIQUEIRA (VICHI) Nº 41 | C20: 104.29 | D20: 41 | E20: 17 | F20: =C20*E20 -> 1772.93
A21: 17 | B21: BOTINA DE SEGURANCA SEM BIQUEIRA (VICHI) Nº 42 | C21: 104.29 | D21: 42 | E21: 20 | F21: =C21*E21 -> 2085.8
A22: 18 | B22: BOTINA DE SEGURANCA SEM BIQUEIRA (VICHI) Nº 43 | C22: 104.29 | D22: 43 | E22: 20 | F22: =C22*E22 -> 2085.8
A23: 19 | B23: BOTINA DE SEGURANCA SEM BIQUEIRA (VICHI) Nº 44 | C23: 104.29 | D23: 44 | E23: 18 | F23: =C23*E23 -> 1877.22
... A26: 22 | B26: BOTINA DE SEGURANCA SEM BIQUEIRA (VICHI) Nº 48 | C26: 104.29 | D26: 48 | E26: 0 | F26: =C26*E26 -> 0
A27: 23 | B27: CAPA DE CHUVA COM CAPUZ AMARELA | C27: 40 | D27: M/G | E27: 111 | F27: =C27*E27 -> 4440
A28: 24 | B28: CAPACETE ALPINISTA SEM ABA | C28: 180.23 | D28: - | E28: 0 | F28: =C28*E28 -> 0
A29: 25 | B29: CAPACETE CLASSE B - ABA FRONTAL | C29: 75 | D29: - | E29: 101 | F29: =C29*E29 -> 7575
A30: 26 | B30: CARNEIRA + CATRACA PARA CAPACETE 3M | C30: 48.25 | E30: 0 | F30: =C30*E30 -> 0
A31: 27 | B31: CHAVE TESTE POR INDUÇÃO | E31: 116
A32: 28 | B32: CINTO DE SEGURANÇA - TELECOM | C32: 584.2 | D32: tam 1 | E32: 108 | F32: =C32*E32 -> 63093.6
A33: 29 | B33: COLETE DE SINALIZAÇÃO | C33: 21 | D33: - | E33: 115 | F33: =C33*E33 -> 2415
A34: 30 | B34: CONE DE SINALIZAÇÃO BORRACHA, LARANJA/BRANCO, 50 CM | C34: 39 | D34: - | E34: 412 | F34: =C34*E34 -> 16068
A35: 31 | B35: GARRAFA TÉRMICA | C35: 28.94 | D35: 5 Litros | E35: 105 | F35: =C35*E35 -> 3038.7
A36: 32 | B36: GARRA MEIO DE VÃO | E36: 116
A37: 33 | B37: JUGULAR TECIDO PARA CAPACETE | C37: 8.63 | E37: 21 | F37: =C37*E37 -> 181.23
A38: 34 | B38: LUVA ISOLANTE - CLASSE 00 – 500 V | C38: 267.69 | D38: - | E38: 0 | F38: =C38*E38 -> 0
A39: 35 | B39: LUVA DE COBERTURA EM VAQUETA CANO LONGO | C39: 267.69 | D39: - | E39: 0 | F39: =C39*E39 -> 0
A40: 36 | B40: LUVA DE SEGURANÇA PU ANTICORTE | C40: 30.66 | E40: 165 | F40: =C40*E40 -> 5058.9
A41: 37 | B41: LUVA DE VAQUETA CANO CURTO | C41: 38 | D41: M/G | E41: 180 | F41: =C41*E41 -> 6840
A42: 38 | B42: LUVA DE VAQUETA SEM DEDO | C42: 36.31 | D42: - | E42: 0 | F42: =C42*E42 -> 0
A43: 39 | B43: MÁSCARA DE PANO - ROXA VIVO | D43: - | E43: 0 | F43: =C43*E43 -> 0
A44: 40 | B44: MOSQUETÃO OVAL AÇO TRAVA ROSCA | C44: 62.14 | D44: - | E44: 0 | F44: =C44*E44 -> 0
A45: 41 | B45: ÓCULOS DE SEGURANÇA - ESCURO | C45: 4.85 | D45: - | E45: 115 | F45: =C45*E45 -> 557.75
A46: 42 | B46: ÓCULOS DE SEGURANÇA - INCOLOR | C46: 4 | D46: - | E46: 141 | F46: =C46*E46 -> 564
A47: 43 | B47: ÓCULOS DE SEGURANÇA - SOBREPOR - ESCURO | C47: 9 | D47: - | E47: 28 | F47: =C47*E47 -> 252
A48: 44 | B48: ÓCULOS DE SEGURANÇA - SOBREPOR INCOLOR | C48: 8.08 | D48: - | E48: 47 | F48: =C48*E48 -> 379.76
A49: 45 | B49: PERNEIRA DE PROTEÇÃO | C49: 41.39 | D49: - | E49: 1 | F49: =C49*E49 -> 41.39
A50: 46 | B50: PROTETOR AURICULAR - TIPO CONCHA | C50: 148.03 | D50: - | E50: 0 | F50: =C50*E50 -> 0
A51: 47 | B51: PROTETOR SOLAR FPS 30 REPELENTE (Validade: 10/2024) | C51: 15.19 | D51: - | E51: 0 | F51: =C51*E51 -> 0
A52: 48 | B52: PROTETOR SOLAR FPS 60 C/ REPELENTE (Validade: XX/XX) | C52: 24.55 | D52: - | E52: 177 | F52: =C52*E52 -> 4345.35
A53: 49 | B53: SISTEMA DE RESGATE DE PESSOAS PARA ESCADA - KIT LVM | C53: 890.46 | D53: - | E53: 109 | F53: =C53*E53 -> 97060.14
A54: 50 | B54: TALABARTE DE POSICIONAMENTO | C54: 355 | D54: 2 m | E54: 3 | F54: =C54*E54 -> 1065
A55: 51 | B55: TALABARTE DE PREVENÇÃO DE QUEDAS EM “Y” | C55: 280.39 | D55: - | E55: 0 | F55: =C55*E55 -> 0
... A57: 53 | B57: TRAVA QUEDAS PARA CORDA 12MM | C57: 311.65 | D57: - | E57: 98 | F57: =C57*E57 -> 30541.7
A58: 54 | B58: TOUCA ÁRABE | E58: 139
F59: =SUM(F5:F57) -> 271506.53
A61: ERGO ATUALIZADO EM: XX/XX/XX
A62: Nº | B62: DESCRIÇÃO | C62: R$ /item | D62: TAM. | E62: QTD | F62: R$ /estoque | G62: OBS.:
A63: ESTOQUE PCD / TELETRABALHO
A64: 1 | B64: MOUSE PAD ESPECTRO | C64: 44 | D64: - | E64: 10 | F64: =C64*E64 -> 440
A65: 2 | B65: KEY PAD ESPECTRO | C65: 65 | D65: - | E65: 40 | F65: =C65*E65 -> 2600
A66: 3 | B66: SUPORTE PARA NOTE BOOK ESPECTRO | C66: 98.7 | D66: - | E66: 60 | F66: =C66*E66 -> 5922
A67: 4 | B67: APOIO ERGONÔMICO PARA OS PÉS | C67: 143.56 | D67: - | E67: 20 | F67: =C67*E67 -> 2871.2
A68: ESTOQUE ADM
A69: 1 | B69: MOUSE PAD ESPECTRO | C69: 44 | D69: - | E69: 0 | F69: =C69*E69 -> 0
A70: 2 | B70: KEY PAD ESPECTRO | C70: 65 | D70: - | E70: 0 | F70: =C70*E70 -> 0
A71: 3 | B71: SUPORTE PARA NOTE BOOK ESPECTRO | C71: 98.7 | D71: - | E71: 0 | F71: =C71*E71 -> 0
A72: 4 | B72: APOIO ERGONÔMICO PARA OS PÉS | C72: 143.56 | D72: - | E72: 0 | F72: =C72*E72 -> 0
F73: {=SUM(F64:F67+F69:F72)} -> 11833.2

Sheet ESTOQUE CWN - DF
A1: Nome do Responsável Estoque - Tst ou Eng.: Luana
A2: Data da atualização da Planilha: 15/06/2026
A3: Estoque da Cidade/Base: Brasília-DF
A4: Nº | B4: DESCRIÇÃO | C4: R$ /item | D4: TAM. | E4: QTD | F4: R$ /estoque | G4: OBS.:
A5: 1 | B5: ÁLCOOL GEL | D5: - | E5: 0 | F5: =C5*E5 -> 0
A6: 2 | B6: BALDE DE LONA | C6: ='ESTOQUE - SPO'!D6 -> 126.1 | D6: - | E6: 2 | F6: =C6*E6 -> 252.2
A7: 3 | B7: BOTA PVC LONGA 32 CM Nº 38 | C7: 69.9 | D7: 38 | E7: 0 | F7: =C7*E7 -> 0
A8: 4 | B8: BOTA PVC LONGA 32 CM Nº 39 | C8: 69.9 | D8: 39 | E8: 0 | F8: =C8*E8 -> 0
A9: 5 | B9: BOTA PVC LONGA 32 CM Nº 40 | C9: 69.9 | D9: 40 | E9: 0 | F9: =C9*E9 -> 0
A10: 6 | B10: BOTA PVC LONGA 32 CM Nº 41 | C10: 69.9 | D10: 41 | E10: 0 | F10: =C10*E10 -> 0
A11: 7 | B11: BOTA PVC LONGA 32 CM Nº 42 | C11: 69.9 | D11: 42 | E11: 0 | F11: =C11*E11 -> 0
A12: 8 | B12: BOTINA DE SEGURANCA SEM BIQUEIRA (VICHI) Nº 33 | C12: 104.29 | D12: 33 | E12: 0 | F12: =C12*E12 -> 0
A13: 9 | B13: BOTINA DE SEGURANCA SEM BIQUEIRA (VICHI) Nº 34 | C13: 104.29 | D13: 32 | E13: 0 | F13: =C13*E13 -> 0
A14: 10 | B14: BOTINA DE SEGURANCA SEM BIQUEIRA (VICHI) Nº 35 | C14: 104.29 | D14: 35 | E14: 5 | F14: =C14*E14 -> 521.45
A15: 11 | B15: BOTINA DE SEGURANCA SEM BIQUEIRA (VICHI) Nº 36 | C15: 104.29 | D15: 36 | E15: 1 | F15: =C15*E15 -> 104.29
A16: 12 | B16: BOTINA DE SEGURANCA SEM BIQUEIRA (VICHI) Nº 37 | C16: 104.29 | D16: 37 | E16: 10 | F16: =C16*E16 -> 1042.9
A17: 13 | B17: BOTINA DE SEGURANCA SEM BIQUEIRA (VICHI) Nº 38 | C17: 104.29 | D17: 38 | E17: 14 | F17: =C17*E17 -> 1460.06
A18: 14 | B18: BOTINA DE SEGURANCA SEM BIQUEIRA (VICHI) Nº 39 | C18: 104.29 | D18: 39 | E18: 20 | F18: =C18*E18 -> 2085.8
... A26: 22 | B26: BOTINA DE SEGURANCA SEM BIQUEIRA (VICHI) Nº 48 | C26: 104.29 | D26: 48 | E26: 0 | F26: =C26*E26 -> 0
A27: 23 | B27: CAPA DE CHUVA COM CAPUZ AMARELA | C27: 40 | E27: 39 | F27: =C27*E27 -> 1560
A28: 24 | B28: CAPACETE ALPINISTA SEM ABA | C28: 180.93 | D28: - | E28: 0 | F28: =C28*E28 -> 0
A29: 25 | B29: CAPACETE CLASSE B - ABA FRONTAL | C29: 75 | D29: - | E29: 9 | F29: =C29*E29 -> 675
A30: 26 | B30: CARNEIRA + CATRACA PARA CAPACETE | C30: 48.25 | D30: - | E30: 53 | F30: =C30*E30 -> 2557.25
A31: 27 | B31: CHAVE DETECTORA DE TENSÃO | C31: 87.97 | D31: - | E31: 28 | F31: =C31*E31 -> 2463.16
A32: 28 | B32: CINTO DE SEGURANÇA - TELECOM | C32: 584.2 | D32: - | E32: 11 | F32: =C32*E32 -> 6426.2
A33: 29 | B33: COLETE DE SINALIZAÇÃO | C33: 21 | D33: - | E33: 4 | F33: =C33*E33 -> 84
A34: 30 | B34: CONE DE SINALIZAÇÃO BORRACHA, LARANJA/BRANCO, 50 CM | C34: 39 | D34: - | E34: 18 | F34: =C34*E34 -> 702
A35: 31 | B35: FITA DE ANCORAGEM AMARELA | C35: 81.83 | D35: - | E35: 0 | F35: =C35*E35 -> 0
A36: 32 | B36: GARRAFA TÉRMICA – 3,5 | C36: 28.94 | D36: - | E36: 23 | F36: =C36*E36 -> 665.62
A37: 33 | B37: JUGULAR TECIDO CAPACETE 3M | C37: 8.63 | D37: - | E37: 29 | F37: =C37*E37 -> 250.27
A38: 34 | B38: LUVA DE SEGURANÇA PU ANTICORTE P | C38: 267.69 | E38: 12 | F38: =C38*E38 -> 3212.28
A39: 35 | B39: LUVA DE SEGURANÇA PU ANTICORTE M | C39: 267.69 | E39: 0 | F39: =C39*E39 -> 0
A40: 36 | B40: LUVA DE SEGURANÇA PU ANTICORTE G | C40: 9.8 | E40: 0 | F40: =C41*E40 -> 0
A41: 37 | B41: LUVA DE SEGURANÇA PU ANTICORTE XG | C41: 30.66 | E41: 0 | F41: =C42*E41 -> 0
A42: 38 | B42: LUVA DE VAQUETA CANO CURTO | C42: 38 | E42: 38 | F42: =C42*E42 -> 1444
A43: 39 | B43: LUVA DE VAQUETA CONFORT SEM DEDO | C43: 36.31 | E43: 0 | F43: =C43*E43 -> 0
A44: 40 | B44: LUVA PIGMENTADA | C44: 23.7 | E44: 0
A45: 41 | B45: MÁSCARA DE PANO - ROXA VIVO (pacote com 5) | D45: - | E45: 0 | F45: =C45*E45 -> 0
A46: 42 | B46: MOSQUETÃO OVAL AÇO TRAVA ROSCA | C46: 62.14 | D46: - | E46: 0 | F46: =C46*E46 -> 0
A47: 43 | B47: ÓCULOS DE SEGURANÇA - FUMÊ | C47: 4 | E47: 0 | F47: =C47*E47 -> 0
A48: 44 | B48: ÓCULOS DE SEGURANÇA - INCOLOR | C48: 4.85 | D48: - | E48: 15 | F48: =C48*E48 -> 72.75
A49: 45 | B49: ÓCULOS DE SEGURANÇA - SOBREPOR FUMÊ | C49: 8.08 | D49: - | E49: 12 | F49: =C49*E49 -> 96.96
A50: 46 | B50: ÓCULOS DE SEGURANÇA - SOBREPOR INCOLOR | C50: 9 | D50: - | E50: 15 | F50: =C50*E50 -> 135
A51: 47 | B51: PERNEIRA DE PROTEÇÃO | C51: 41.39 | D51: - | E51: 11 | F51: =C51*E51 -> 455.29
A52: 48 | B52: PROTETOR AURICULAR - TIPO CONCHA | C52: 148.03 | D52: - | E52: 0 | F52: =C52*E52 -> 0
A53: 50 | B53: PROTETOR SOLAR FPS 60 C/ REPELENTE (Validade: XX/XX) | C53: 24.55 | E53: 124 | F53: =C53*E53 -> 3044.2
A54: 51 | B54: SISTEMA DE RESGATE DE PESSOAS PARA ESCADA - KIT LVM | C54: 890.46 | D54: - | E54: 9 | F54: =C54*E54 -> 8014.14
A55: 52 | B55: TALABARTE DE POSICIONAMENTO | C55: 355 | D55: - | E55: 19 | F55: =C55*E55 -> 6745
A56: 53 | B56: TALABARTE DE PREVENÇÃO DE QUEDAS EM “Y” COM ABSORVEDOR DE ENERGIA | C56: 280.39 | D56: - | E56: 0 | F56: =C56*E56 -> 0
A57: 54 | B57: TRAVA QUEDAS PARA CABO DE AÇO | C57: 385 | D57: - | E57: 0 | F57: =C57*E57 -> 0
A58: 55 | B58: TRAVA QUEDAS PARA CORDA 12MM | C58: 311.65 | D58: - | E58: 14 | F58: =C58*E58 -> 4363.1
F59: =SUM(F5:F58) -> 54377.45
A61: ERGO ATUALIZADO EM: 15/06/2026
A62: Nº | B62: DESCRIÇÃO | C62: R$ /item | D62: TAM. | E62: QTD | F62: R$ /estoque | G62: OBS.:
A63: ESTOQUE PCD / TELETRABALHO
A64: 1 | B64: MOUSE PAD ESPECTRO | C64: 44 | D64: - | E64: 0 | F64: =C64*E64 -> 0
A65: 2 | B65: KEY PAD ESPECTRO | C65: 65 | D65: - | E65: 0 | F65: =C65*E65 -> 0
A66: 3 | B66: SUPORTE PARA NOTE BOOK ESPECTRO | C66: 98.7 | D66: - | E66: 0 | F66: =C66*E66 -> 0
A67: 4 | B67: APOIO ERGONÔMICO PARA OS PÉS | C67: 143.56 | D67: - | E67: 0 | F67: =C67*E67 -> 0
A68: ESTOQUE ADM
A69: 1 | B69: MOUSE PAD ESPECTRO | C69: 44 | D69: - | E69: 28 | F69: =C69*E69 -> 1232
A70: 2 | B70: KEY PAD ESPECTRO | C70: 65 | D70: - | E70: 20 | F70: =C70*E70 -> 1300
A71: 3 | B71: SUPORTE PARA NOTE BOOK ESPECTRO | C71: 98.7 | D71: - | E71: 11 | F71: =C71*E71 -> 1085.7
A72: 4 | B72: APOIO ERGONÔMICO PARA OS PÉS | C72: 143.56 | D72: - | E72: 8 | F72: =C72*E72 -> 1148.48
F73: {=SUM(F64:F67+F69:F72)} -> 4766.18

Sheet ESTOQUE CWN- PA
A1: Nome do Responsável Estoque - Tst ou Eng.: Luana
A2: Data da atualização da Planilha:16/06/2026
A3: Estoque da Cidade/Base: Brasília-DF
A4: Nº | B4: DESCRIÇÃO | C4: R$ /item | D4: TAM. | E4: QTD | F4: R$ /estoque | G4: OBS.:
A5: 1 | B5: ÁLCOOL GEL | D5: - | E5: 0 | F5: =C5*E5 -> 0
A6: 2 | B6: BALDE DE LONA | C6: ='ESTOQUE - SPO'!D6 -> 126.1 | D6: - | E6: 25 | F6: =C6*E6 -> 3152.5
A7: 3 | B7: BOTA PVC LONGA 32 CM Nº 38 | C7: 69.9 | D7: 38 | E7: 0 | F7: =C7*E7 -> 0
A8: 4 | B8: BOTA PVC LONGA 32 CM Nº 39 | C8: 69.9 | D8: 39 | E8: 0 | F8: =C8*E8 -> 0
A9: 5 | B9: BOTA PVC LONGA 32 CM Nº 40 | C9: 69.9 | D9: 40 | E9: 0 | F9: =C9*E9 -> 0
A10: 6 | B10: BOTA PVC LONGA 32 CM Nº 41 | C10: 69.9 | D10: 41 | E10: 0 | F10: =C10*E10 -> 0
A11: 7 | B11: BOTA PVC LONGA 32 CM Nº 42 | C11: 69.9 | D11: 42 | E11: 0 | F11: =C11*E11 -> 0
A12: 8 | B12: BOTINA DE SEGURANCA SEM BIQUEIRA (VICHI) Nº 33 | C12: 104.29 | D12: 33 | E12: 0 | F12: =C12*E12 -> 0
A13: 9 | B13: BOTINA DE SEGURANCA SEM BIQUEIRA (VICHI) Nº 34 | C13: 104.29 | D13: 32 | E13: 0 | F13: =C13*E13 -> 0
A14: 10 | B14: BOTINA DE SEGURANCA SEM BIQUEIRA (VICHI) Nº 35 | C14: 104.29 | D14: 35 | E14: 0 | F14: =C14*E14 -> 0
A15: 11 | B15: BOTINA DE SEGURANCA SEM BIQUEIRA (VICHI) Nº 36 | C15: 104.29 | D15: 36 | E15: 5 | F15: =C15*E15 -> 521.45
A16: 12 | B16: BOTINA DE SEGURANCA SEM BIQUEIRA (VICHI) Nº 37 | C16: 104.29 | D16: 37 | E16: 10 | F16: =C16*E16 -> 1042.9
A17: 13 | B17: BOTINA DE SEGURANCA SEM BIQUEIRA (VICHI) Nº 38 | C17: 104.29 | D17: 38 | E17: 10 | F17: =C17*E17 -> 1042.9
A18: 14 | B18: BOTINA DE SEGURANCA SEM BIQUEIRA (VICHI) Nº 39 | C18: 104.29 | D18: 39 | E18: 11 | F18: =C18*E18 -> 1147.19
... A26: 22 | B26: BOTINA DE SEGURANCA SEM BIQUEIRA (VICHI) Nº 48 | C26: 104.29 | D26: 48 | E26: 0 | F26: =C26*E26 -> 0
A27: 23 | B27: CAPA DE CHUVA COM CAPUZ AMARELA | C27: 40 | E27: 12 | F27: =C27*E27 -> 480
A28: 24 | B28: CAPACETE ALPINISTA SEM ABA | C28: 180.93 | D28: - | E28: 0 | F28: =C28*E28 -> 0
A29: 25 | B29: CAPACETE CLASSE B - ABA FRONTAL | C29: 75 | D29: - | E29: 15 | F29: =C29*E29 -> 1125
A30: 26 | B30: CARNEIRA + CATRACA PARA CAPACETE | C30: 48.25 | D30: - | E30: 50 | F30: =C30*E30 -> 2412.5
A31: 27 | B31: CHAVE DETECTORA DE TENSÃO | C31: 87.97 | D31: - | E31: 30 | F31: =C31*E31 -> 2639.1
A32: 28 | B32: CINTO DE SEGURANÇA - TELECOM | C32: 584.2 | D32: - | E32: 20 | F32: =C32*E32 -> 11684
A33: 29 | B33: COLETE DE SINALIZAÇÃO | C33: 21 | D33: - | E33: 33 | F33: =C33*E33 -> 693
A34: 30 | B34: CONE DE SINALIZAÇÃO BORRACHA, LARANJA/BRANCO, 50 CM | C34: 39 | D34: - | E34: 10 | F34: =C34*E34 -> 390
A35: 31 | B35: FITA DE ANCORAGEM AMARELA | C35: 81.83 | D35: - | E35: 0 | F35: =C35*E35 -> 0
A36: 32 | B36: GARRAFA TÉRMICA – 3,5 | C36: 28.94 | D36: - | E36: 50 | F36: =C36*E36 -> 1447
A37: 33 | B37: JUGULAR TECIDO CAPACETE 3M | C37: 8.63 | D37: - | E37: 30 | F37: =C37*E37 -> 258.9
A38: 34 | B38: LUVA DE PVC CANO CURTO VERDE P | C38: 267.69 | E38: 0 | F38: =C38*E38 -> 0
A39: 35 | B39: LUVA DE PVC CANO CURTO VERDE M | C39: 267.69 | E39: 0 | F39: =C39*E39 -> 0
A40: 36 | B40: LUVA DE PVC CANO CURTO VERDE G | C40: 9.8 | E40: 0 | F40: =C41*E40 -> 0
A41: 37 | B41: LUVA DE SEGURANÇA PU ANTICORTE XG | C41: 30.66 | E41: 19 | F41: =C42*E41 -> 722
A42: 38 | B42: LUVA DE VAQUETA CANO CURTO | C42: 38 | E42: 23 | F42: =C42*E42 -> 874
A43: 39 | B43: LUVA DE VAQUETA CONFORT SEM DEDO | C43: 36.31 | E43: 0 | F43: =C43*E43 -> 0
A44: 40 | B44: LUVA PIGMENTADA | C44: 23.7 | E44: 0
A45: 41 | B45: MÁSCARA DE PANO - ROXA VIVO (pacote com 5) | D45: - | E45: 0 | F45: =C45*E45 -> 0
A46: 42 | B46: MOSQUETÃO OVAL AÇO TRAVA ROSCA | C46: 62.14 | D46: - | E46: 0 | F46: =C46*E46 -> 0
A47: 43 | B47: ÓCULOS DE SEGURANÇA - FUMÊ | C47: 4 | E47: 35 | F47: =C47*E47 -> 140
A48: 44 | B48: ÓCULOS DE SEGURANÇA - INCOLOR | C48: 4.85 | D48: - | E48: 35 | F48: =C48*E48 -> 169.75
A49: 45 | B49: ÓCULOS DE SEGURANÇA - SOBREPOR FUMÊ | C49: 8.08 | D49: - | E49: 0 | F49: =C49*E49 -> 0
A50: 46 | B50: ÓCULOS DE SEGURANÇA - SOBREPOR INCOLOR | C50: 9 | D50: - | E50: 0 | F50: =C50*E50 -> 0
A51: 47 | B51: PERNEIRA DE PROTEÇÃO | C51: 41.39 | D51: - | E51: 30 | F51: =C51*E51 -> 1241.7
A52: 48 | B52: PROTETOR AURICULAR - TIPO CONCHA | C52: 148.03 | D52: - | E52: 0 | F52: =C52*E52 -> 0
A53: 50 | B53: PROTETOR SOLAR FPS 60 C/ REPELENTE (Validade: XX/XX) | C53: 24.55 | E53: 0 | F53: =C53*E53 -> 0
A54: 51 | B54: SISTEMA DE RESGATE DE PESSOAS PARA ESCADA - KIT LVM | C54: 890.46 | D54: - | E54: 23 | F54: =C54*E54 -> 20480.58
A55: 52 | B55: TALABARTE DE POSICIONAMENTO | C55: 355 | D55: - | E55: 23 | F55: =C55*E55 -> 8165
A56: 53 | B56: TALABARTE DE PREVENÇÃO DE QUEDAS EM “Y” COM ABSORVEDOR DE ENERGIA | C56: 280.39 | D56: - | E56: 0 | F56: =C56*E56 -> 0
A57: 54 | B57: TRAVA QUEDAS PARA CABO DE AÇO | C57: 385 | D57: - | E57: 0 | F57: =C57*E57 -> 0
A58: 55 | B58: TRAVA QUEDAS PARA CORDA 12MM | C58: 311.65 | D58: - | E58: 23 | F58: =C58*E58 -> 7167.95
F60: =SUM(F5:F58) -> 71899.05
A62: ERGO ATUALIZADO EM: 13/06/2025
A63: Nº | B63: DESCRIÇÃO | C63: R$ /item | D63: TAM. | E63: QTD | F63: R$ /estoque | G63: OBS.:
A64: ESTOQUE PCD / TELETRABALHO
A65: 1 | B65: MOUSE PAD ESPECTRO | C65: 44 | D65: - | E65: 0 | F65: =C65*E65 -> 0
A66: 2 | B66: KEY PAD ESPECTRO | C66: 65 | D66: - | E66: 0 | F66: =C66*E66 -> 0
A67: 3 | B67: SUPORTE PARA NOTE BOOK ESPECTRO | C67: 98.7 | D67: - | E67: 0 | F67: =C67*E67 -> 0
A68: 4 | B68: APOIO ERGONÔMICO PARA OS PÉS | C68: 143.56 | D68: - | E68: 0 | F68: =C68*E68 -> 0
A69: ESTOQUE ADM
A70: 1 | B70: MOUSE PAD ESPECTRO | C70: 44 | D70: - | E70: 32 | F70: =C70*E70 -> 1408
A71: 2 | B71: KEY PAD ESPECTRO | C71: 65 | D71: - | E71: 40 | F71: =C71*E71 -> 2600
A72: 3 | B72: SUPORTE PARA NOTE BOOK ESPECTRO | C72: 98.7 | D72: - | E72: 40 | F72: =C72*E72 -> 3948
A73: 4 | B73: APOIO ERGONÔMICO PARA OS PÉS | C73: 143.56 | D73: - | E73: 10 | F73: =C73*E73 -> 1435.6
F74: {=SUM(F65:F68+F70:F73)} -> 9391.6

Sheet ESTOQUE CWN - AM
A1: Nome do Responsável Estoque - Tst ou Eng.: Luana
A2: Data da atualização da Planilha:
A3: Estoque da Cidade/Base: Manaus - AM
A4: Nº | B4: DESCRIÇÃO | C4: R$ /item | D4: TAM. | E4: QTD | F4: R$ /estoque | G4: OBS.:
A5: 1 | B5: CALÇADO DE SEGURANÇA - TIPO BOTINA | C5: 104.29 | D5: 34 | E5: 0 | F5: =C5*E5 -> 0
A6: 2 | B6: CALÇADO DE SEGURANÇA - TIPO BOTINA | C6: 104.29 | D6: 35 | E6: 0 | F6: =C6*E6 -> 0
A7: 3 | B7: CALÇADO DE SEGURANÇA - TIPO BOTINA | C7: 104.29 | D7: 36 | E7: 0 | F7: =C7*E7 -> 0
A8: 4 | B8: CALÇADO DE SEGURANÇA - TIPO BOTINA | C8: 104.29 | D8: 37 | E8: 0 | F8: =C8*E8 -> 0
A9: 5 | B9: CALÇADO DE SEGURANÇA - TIPO BOTINA | C9: 104.29 | D9: 38 | E9: 2 | F9: =C9*E9 -> 208.58
A10: 6 | B10: CALÇADO DE SEGURANÇA - TIPO BOTINA | C10: 104.29 | D10: 39 | E10: 4 | F10: =C10*E10 -> 417.16
A11: 7 | B11: CALÇADO DE SEGURANÇA - TIPO BOTINA | C11: 104.29 | D11: 40 | E11: 5 | F11: =C11*E11 -> 521.45
A12: 8 | B12: CALÇADO DE SEGURANÇA - TIPO BOTINA | C12: 104.29 | D12: 41 | E12: 4 | F12: =C12*E12 -> 417.16
A13: 9 | B13: CALÇADO DE SEGURANÇA - TIPO BOTINA | C13: 104.29 | D13: 42 | E13: 4 | F13: =C13*E13 -> 417.16
A14: 10 | B14: CALÇADO DE SEGURANÇA - TIPO BOTINA | C14: 104.29 | D14: 43 | E14: 5 | F14: =C14*E14 -> 521.45
A15: 11 | B15: CALÇADO DE SEGURANÇA - TIPO BOTINA | C15: 104.29 | D15: 44 | E15: 3 | F15: =C15*E15 -> 312.87
A16: 12 | B16: CALÇADO DE SEGURANÇA - TIPO BOTINA | C16: 104.29 | D16: 45 | E16: 0 | F16: =C16*E16 -> 0
A17: 13 | B17: CALÇADO DE SEGURANÇA - TIPO BOTINA | C17: 104.29 | D17: 46 | E17: 0 | F17: =C17*E17 -> 0
A18: 14 | B18: CAPA DE CHUVA PVC AMARELA | C18: 40 | D18: P | E18: 0 | F18: =C18*E18 -> 0
A19: 15 | B19: CAPA DE CHUVA PVC AMARELA | C19: 40 | D19: M | E19: 4 | F19: =C19*E19 -> 160
A20: 16 | B20: CAPA DE CHUVA PVC AMARELA | C20: 40 | D20: G | E20: 7 | F20: =C20*E20 -> 280
A21: 17 | B21: CAPA DE CHUVA PVC AMARELA | C21: 40 | D21: GG | E21: 5 | F21: =C21*E21 -> 200
A22: 18 | B22: CHAVE DETECTORA DE TENSÃO | C22: 87.97 | E22: 0 | F22: =C22*E22 -> 0
A23: 19 | B23: CONE DE SINALIZAÇÃO (50 cm) | C23: 39 | E23: 8 | F23: =C23*E23 -> 312
A24: 21 | B24: LUVA DE VAQUETA CANO CURTO | C24: 38 | E24: 9 | F24: =C24*E24 -> 342
A25: 22 | B25: ÓCULOS DE SEGURANÇA - INCOLOR | C25: 4.85 | E25: 17 | F25: =C25*E25 -> 82.45
A26: 23 | B26: ÓCULOS DE SEGURANÇA - ESCURO | C26: 4 | E26: 4 | F26: =C26*E26 -> 16
A27: 24 | B27: COLETE DE SINALIZAÇÃO REFLETIVO | C27: 21 | E27: 10 | F27: =C27*E27 -> 210
A28: 25 | B28: GARRAFA TÉRMICA 3,5l | C28: 28.94 | E28: 6 | F28: =C28*E28 -> 173.64
A29: 26 | B29: PROTETOR SOLAR FPS 30 C/ REPELENTE (validade: ??) | C29: 15.19 | E29: 5 | F29: =C29*E29 -> 75.95
A30: 28 | B30: BALDE DE LONA | C30: 126.1 | E30: 10 | F30: =C30*E30 -> 1261
A31: 29 | B31: CAPACETE CLASSE B - ABA FRONTAL COM SUSPENSÃO E CATRACA | C31: 75 | E31: 9 | F31: =C31*E31 -> 675
A32: 30 | B32: CINTO DE SEGURANÇA MODELO PARAQUEDISTA TRABALHO EM ALTURA | C32: 584.2 | E32: 3 | F32: =C32*E32 -> 1752.6
A33: 31 | B33: SISTEMA DE RESGATE DE PESSOAS PARA ESCADA - KIT LVM | C33: 890.46 | E33: 3 | F33: =C33*E33 -> 2671.38
... A35: 33 | B35: TALABARTE DE PREVENÇÃO DE QUEDAS "Y" COM ABSORVEDOR | C35: 280.39 | E35: 0 | F35: =C35*E35 -> 0
A36: 34 | B36: TRAVA QUEDAS PARA CORDA 12MM | C36: 311.65 | E36: 3 | F36: =C36*E36 -> 934.95 | H36: ='ESTOQUE CWN - DF'!F46+'ESTOQUE CWN - MT'!F37+'ESTOQUE CWN - MS'!F54 -> 93932.98
A37: ESTOQUE PCD / TELETRABALHO
A38: 35 | B38: APOIO PARA OS PÉS | E38: 0
A39: 36 | B39: KEY PAD | E39: 0
A40: 37 | B40: MOUSE PAD | E40: 0
A41: 38 | B41: SUPORTE PARA NOTEBOOK | E41: 0
A42: ESTOQUE ADM
A43: 39 | B43: APOIO PARA OS PÉS | E43: 10
A44: 40 | B44: KEY PAD | E44: 50
A45: 41 | B45: MOUSE PAD | E45: 110
A46: 42 | B46: SUPORTE PARA NOTEBOOK | E46: 15
B48: ERGO ATUALIZADO EM: 05/9/2025

Sheet ESTOQUE CWN - MA
A1: Nome do Responsável Estoque - Tst ou Eng.: Luana
A2: Data da atualização da Planilha:15/06/2026
A3: Estoque da Cidade/Base: São Luis-MA
A4: Nº | B4: DESCRIÇÃO | C4: R$ /item | D4: TAM. | E4: QTD | F4: R$ /estoque | G4: OBS.:
A5: 1 | B5: ÁLCOOL GEL | D5: - | E5: 0 | F5: =C5*E5 -> 0
A6: 2 | B6: BALDE DE LONA | C6: ='ESTOQUE - SPO'!D6 -> 126.1 | D6: - | E6: 3 | F6: =C6*E6 -> 378.3
A7: 3 | B7: BOTA PVC LONGA 32 CM Nº 38 | C7: 69.9 | D7: 38 | E7: 0 | F7: =C7*E7 -> 0
A8: 4 | B8: BOTA PVC LONGA 32 CM Nº 39 | C8: 69.9 | D8: 39 | E8: 0 | F8: =C8*E8 -> 0
A9: 5 | B9: BOTA PVC LONGA 32 CM Nº 40 | C9: 69.9 | D9: 40 | E9: 0 | F9: =C9*E9 -> 0
A10: 6 | B10: BOTA PVC LONGA 32 CM Nº 41 | C10: 69.9 | D10: 41 | E10: 0 | F10: =C10*E10 -> 0
A11: 7 | B11: BOTA PVC LONGA 32 CM Nº 42 | C11: 69.9 | D11: 42 | E11: 0 | F11: =C11*E11 -> 0
A12: 8 | B12: BOTINA DE SEGURANCA SEM BIQUEIRA (VICHI) Nº 33 | C12: 104.29 | D12: 33 | E12: 0 | F12: =C12*E12 -> 0
A13: 9 | B13: BOTINA DE SEGURANCA SEM BIQUEIRA (VICHI) Nº 34 | C13: 104.29 | D13: 32 | E13: 0 | F13: =C13*E13 -> 0
A14: 10 | B14: BOTINA DE SEGURANCA SEM BIQUEIRA (VICHI) Nº 35 | C14: 104.29 | D14: 35 | E14: 0 | F14: =C14*E14 -> 0
A15: 11 | B15: BOTINA DE SEGURANCA SEM BIQUEIRA (VICHI) Nº 36 | C15: 104.29 | D15: 36 | E15: 6 | F15: =C15*E15 -> 625.74
A16: 12 | B16: BOTINA DE SEGURANCA SEM BIQUEIRA (VICHI) Nº 37 | C16: 104.29 | D16: 37 | E16: 6 | F16: =C16*E16 -> 625.74
A17: 13 | B17: BOTINA DE SEGURANCA SEM BIQUEIRA (VICHI) Nº 38 | C17: 104.29 | D17: 38 | E17: 6 | F17: =C17*E17 -> 625.74
A18: 14 | B18: BOTINA DE SEGURANCA SEM BIQUEIRA (VICHI) Nº 39 | C18: 104.29 | D18: 39 | E18: 8 | F18: =C18*E18 -> 834.32
... A26: 22 | B26: BOTINA DE SEGURANCA SEM BIQUEIRA (VICHI) Nº 48 | C26: 104.29 | D26: 48 | E26: 0 | F26: =C26*E26 -> 0
A27: 23 | B27: CAPA DE CHUVA COM CAPUZ AMARELA | C27: 40 | E27: 6 | F27: =C27*E27 -> 240
A28: 24 | B28: CAPACETE ALPINISTA SEM ABA | C28: 180.93 | D28: - | E28: 0 | F28: =C28*E28 -> 0
A29: 25 | B29: CAPACETE CLASSE B - ABA FRONTAL | C29: 75 | D29: - | E29: 8 | F29: =C29*E29 -> 600
A30: 26 | B30: CARNEIRA + CATRACA PARA CAPACETE | C30: 48.25 | D30: - | E30: 11 | F30: =C30*E30 -> 530.75
A31: 27 | B31: CHAVE DETECTORA DE TENSÃO | C31: 87.97 | D31: - | E31: 14 | F31: =C31*E31 -> 1231.58
A32: 28 | B32: CINTO DE SEGURANÇA - TELECOM | C32: 584.2 | D32: - | E32: 5 | F32: =C32*E32 -> 2921
A33: 29 | B33: COLETE DE SINALIZAÇÃO | C33: 21 | D33: - | E33: 12 | F33: =C33*E33 -> 252
A34: 30 | B34: CONE DE SINALIZAÇÃO BORRACHA, LARANJA/BRANCO, 50 CM | C34: 39 | D34: - | E34: 12 | F34: =C34*E34 -> 468
A35: 31 | B35: FITA DE ANCORAGEM AMARELA | C35: 81.83 | D35: - | E35: 0 | F35: =C35*E35 -> 0
A36: 32 | B36: GARRAFA TÉRMICA – 3,5 | C36: 28.94 | D36: - | E36: 6 | F36: =C36*E36 -> 173.64
A37: 33 | B37: JUGULAR TECIDO CAPACETE 3M | C37: 8.63 | D37: - | E37: 21 | F37: =C37*E37 -> 181.23
A38: 34 | B38: LUVA DE SEGURANÇA PU ANTICORTE P | C38: 267.69 | E38: 0 | F38: =C38*E38 -> 0
A39: 35 | B39: LUVA DE SEGURANÇA PU ANTICORTE M | C39: 267.69 | E39: 6 | F39: =C39*E39 -> 1606.14
A40: 36 | B40: LUVA DE SEGURANÇA PU ANTICORTE G | C40: 9.8 | E40: 5 | F40: =C41*E40 -> 153.3
A41: 37 | B41: LUVA DE SEGURANÇA PU ANTICORTE XG | C41: 30.66 | E41: 1 | F41: =C42*E41 -> 38
A42: 38 | B42: LUVA DE VAQUETA CANO CURTO | C42: 38 | E42: 16 | F42: =C42*E42 -> 608
A43: 39 | B43: LUVA DE VAQUETA CONFORT SEM DEDO | C43: 36.31 | E43: 0 | F43: =C43*E43 -> 0
A44: 40 | B44: LUVA PIGMENTADA | C44: 23.7 | E44: 0
A45: 41 | B45: MÁSCARA DE PANO - ROXA VIVO (pacote com 5) | D45: - | E45: 0 | F45: =C45*E45 -> 0
A46: 42 | B46: MOSQUETÃO OVAL AÇO TRAVA ROSCA | C46: 62.14 | D46: - | E46: 0 | F46: =C46*E46 -> 0
A47: 43 | B47: ÓCULOS DE SEGURANÇA - FUMÊ | C47: 4 | E47: 3 | F47: =C47*E47 -> 12
A48: 44 | B48: ÓCULOS DE SEGURANÇA - INCOLOR | C48: 4.85 | D48: - | E48: 3 | F48: =C48*E48 -> 14.55
A49: 45 | B49: ÓCULOS DE SEGURANÇA - SOBREPOR FUMÊ | C49: 8.08 | D49: - | E49: 0 | F49: =C49*E49 -> 0
A50: 46 | B50: ÓCULOS DE SEGURANÇA - SOBREPOR INCOLOR | C50: 9 | D50: - | E50: 0 | F50: =C50*E50 -> 0
A51: 47 | B51: PERNEIRA DE PROTEÇÃO | C51: 41.39 | D51: - | E51: 5 | F51: =C51*E51 -> 206.95
A52: 48 | B52: PROTETOR AURICULAR - TIPO CONCHA | C52: 148.03 | D52: - | E52: 0 | F52: =C52*E52 -> 0
A53: 50 | B53: PROTETOR SOLAR FPS 60 C/ REPELENTE (Validade: XX/XX) | C53: 24.55 | E53: 31 | F53: =C53*E53 -> 761.05
A54: 51 | B54: SISTEMA DE RESGATE DE PESSOAS PARA ESCADA - KIT LVM | C54: 890.46 | D54: - | E54: 3 | F54: =C54*E54 -> 2671.38
A55: 52 | B55: TALABARTE DE POSICIONAMENTO | C55: 355 | D55: - | E55: 3 | F55: =C55*E55 -> 1065
A56: 53 | B56: TALABARTE DE PREVENÇÃO DE QUEDAS EM “Y” COM ABSORVEDOR DE ENERGIA | C56: 280.39 | D56: - | E56: 0 | F56: =C56*E56 -> 0
A57: 54 | B57: TRAVA QUEDAS PARA CABO DE AÇO | C57: 385 | D57: - | E57: 3 | F57: =C57*E57 -> 1155
A58: 55 | B58: TRAVA QUEDAS PARA CORDA 12MM | C58: 311.65 | D58: - | E58: 3 | F58: =C58*E58 -> 934.95
F59: =SUM(F5:F58) -> 22564.51
A61: ERGO ATUALIZADO EM: 15/06/2026
A62: Nº | B62: DESCRIÇÃO | C62: R$ /item | D62: TAM. | E62: QTD | F62: R$ /estoque | G62: OBS.:
A63: ESTOQUE PCD / TELETRABALHO
A64: 1 | B64: MOUSE PAD ESPECTRO | C64: 44 | D64: - | E64: 0 | F64: =C64*E64 -> 0
A65: 2 | B65: KEY PAD ESPECTRO | C65: 65 | D65: - | E65: 0 | F65: =C65*E65 -> 0
A66: 3 | B66: SUPORTE PARA NOTE BOOK ESPECTRO | C66: 98.7 | D66: - | E66: 0 | F66: =C66*E66 -> 0
A67: 4 | B67: APOIO ERGONÔMICO PARA OS PÉS | C67: 143.56 | D67: - | E67: 0 | F67: =C67*E67 -> 0
A68: ESTOQUE ADM
A69: 1 | B69: MOUSE PAD ESPECTRO | C69: 44 | D69: - | F69: =C69*E69 -> 0
A70: 2 | B70: KEY PAD ESPECTRO | C70: 65 | D70: - | F70: =C70*E70 -> 0
A71: 3 | B71: SUPORTE PARA NOTE BOOK ESPECTRO | C71: 98.7 | D71: - | F71: =C71*E71 -> 0
A72: 4 | B72: APOIO ERGONÔMICO PARA OS PÉS | C72: 143.56 | D72: - | F72: =C72*E72 -> 0
F73: {=SUM(F64:F67+F69:F72)} -> 0

Sheet ESTOQUE CWN - GO
A1: Nome do Responsável Estoque - Tst ou Eng.: Camila Martins Silva
A2: Data da atualização da Planilha: 05/09/2025
A3: Estoque da Cidade/Base: GO
A4: Nº | B4: DESCRIÇÃO | C4: R$ /item | D4: TAM. | E4: QTD | F4: R$ /estoque | G4: OBS.:
A5: 1 | B5: CALÇADO DE SEGURANÇA - TIPO BOTINA | C5: 104.29 | D5: 34 | E5: 0 | F5: =C5*E5 -> 0
A6: 2 | B6: CALÇADO DE SEGURANÇA - TIPO BOTINA | C6: 104.29 | D6: 35 | E6: 0 | F6: =C6*E6 -> 0
A7: 3 | B7: CALÇADO DE SEGURANÇA - TIPO BOTINA | C7: 104.29 | D7: 36 | E7: 0 | F7: =C7*E7 -> 0
A8: 4 | B8: CALÇADO DE SEGURANÇA - TIPO BOTINA | C8: 104.29 | D8: 37 | E8: 0 | F8: =C8*E8 -> 0
A9: 5 | B9: CALÇADO DE SEGURANÇA - TIPO BOTINA | C9: 104.29 | D9: 38 | E9: 18 | F9: =C9*E9 -> 1877.22
A10: 6 | B10: CALÇADO DE SEGURANÇA - TIPO BOTINA | C10: 104.29 | D10: 39 | E10: 28 | F10: =C10*E10 -> 2920.12
A11: 7 | B11: CALÇADO DE SEGURANÇA - TIPO BOTINA | C11: 104.29 | D11: 40 | E11: 8 | F11: =C11*E11 -> 834.32
A12: 8 | B12: CALÇADO DE SEGURANÇA - TIPO BOTINA | C12: 104.29 | D12: 41 | E12: 11 | F12: =C12*E12 -> 1147.19
A13: 9 | B13: CALÇADO DE SEGURANÇA - TIPO BOTINA | C13: 104.29 | D13: 42 | E13: 16 | F13: =C13*E13 -> 1668.64
A14: 10 | B14: CALÇADO DE SEGURANÇA - TIPO BOTINA | C14: 104.29 | D14: 43 | E14: 0 | F14: =C14*E14 -> 0
A15: 11 | B15: CALÇADO DE SEGURANÇA - TIPO BOTINA | C15: 104.29 | D15: 44 | E15: 5 | F15: =C15*E15 -> 521.45
A16: 12 | B16: CALÇADO DE SEGURANÇA - TIPO BOTINA | C16: 104.29 | D16: 45 | E16: 0 | F16: =C16*E16 -> 0
A17: 13 | B17: CALÇADO DE SEGURANÇA - TIPO BOTINA | C17: 104.29 | D17: 46 | E17: 1 | F17: =C17*E17 -> 104.29
A18: 14 | B18: CAPA DE CHUVA PVC AMARELA | C18: 40 | D18: P | E18: 0 | F18: =C18*E18 -> 0
A19: 15 | B19: CAPA DE CHUVA PVC AMARELA | C19: 40 | D19: M | E19: 13 | F19: =C19*E19 -> 520
A20: 16 | B20: CAPA DE CHUVA PVC AMARELA | C20: 40 | D20: G | E20: 19 | F20: =C20*E20 -> 760
A21: 17 | B21: CAPA DE CHUVA PVC AMARELA | C21: 40 | D21: GG | E21: 0 | F21: =C21*E21 -> 0
A22: 18 | B22: CHAVE DETECTORA DE TENSÃO | C22: 87.97 | E22: 87 | F22: =C22*E22 -> 7653.39
A23: 19 | B23: CONE DE SINALIZAÇÃO (50 cm) | C23: 39 | E23: 16 | F23: =C23*E23 -> 624
A24: 21 | B24: LUVA DE VAQUETA CANO CURTO | C24: 38 | E24: 65 | F24: =C24*E24 -> 2470
A25: 22 | B25: ÓCULOS DE SEGURANÇA - INCOLOR | C25: 4.85 | E25: 59 | F25: =C25*E25 -> 286.15
A26: 23 | B26: ÓCULOS DE SEGURANÇA - ESCURO | C26: 4 | E26: 39 | F26: =C26*E26 -> 156
A27: 24 | B27: COLETE DE SINALIZAÇÃO REFLETIVO | C27: 21 | E27: 50 | F27: =C27*E27 -> 1050
A28: 25 | B28: GARRAFA TÉRMICA 3,5l | C28: 28.94 | E28: 13 | F28: =C28*E28 -> 376.22
A29: 26 | B29: PROTETOR SOLAR FPS 30 C/ REPELENTE (validade: ??) | C29: 15.19 | E29: 66 | F29: =C29*E29 -> 1002.54
A30: 28 | B30: BALDE DE LONA | C30: 126.1 | E30: 39 | F30: =C30*E30 -> 4917.9
A31: 29 | B31: CAPACETE CLASSE B - ABA FRONTAL COM SUSPENSÃO E CATRACA | C31: 75 | E31: 14 | F31: =C31*E31 -> 1050
A32: 30 | B32: CINTO DE SEGURANÇA MODELO PARAQUEDISTA TRABALHO EM ALTURA | C32: 584.2 | E32: 32 | F32: =C32*E32 -> 18694.4
A33: 31 | B33: SISTEMA DE RESGATE DE PESSOAS PARA ESCADA - KIT LVM | C33: 890.46 | E33: 4 | F33: =C33*E33 -> 3561.84
... A35: 33 | B35: TALABARTE DE PREVENÇÃO DE QUEDAS "Y" COM ABSORVEDOR | C35: 280.39 | E35: 4 | F35: =C35*E35 -> 1121.56
A36: 34 | B36: TRAVA QUEDAS PARA CORDA 12MM | C36: 311.65 | E36: 16 | F36: =C36*E36 -> 4986.4 | H36: ='ESTOQUE CWN - DF'!F46+'ESTOQUE CWN - MT'!F37+'ESTOQUE CWN - MS'!F54 -> 93932.98
A37: ESTOQUE PCD / TELETRABALHO
A38: 35 | B38: APOIO PARA OS PÉS | E38: 0
A39: 36 | B39: KEY PAD | E39: 0
A40: 37 | B40: MOUSE PAD | E40: 0
A41: 38 | B41: SUPORTE PARA NOTEBOOK | E41: 0
A42: ESTOQUE ADM
A43: 39 | B43: APOIO PARA OS PÉS | E43: 10
A44: 40 | B44: KEY PAD | E44: 50
A45: 41 | B45: MOUSE PAD | E45: 110
A46: 42 | B46: SUPORTE PARA NOTEBOOK | E46: 15
B48: ERGO ATUALIZADO EM: 05/9/2025

Sheet ESTOQUE CWN - MT
A1: Nome do Responsável Estoque - Tst ou Eng.: Luana
A2: Data da atualização da Planilha: 28/08/2025
A3: Estoque da Cidade/Base: VIVO CUIABÁ
A4: Nº | B4: DESCRIÇÃO | C4: R$ /item | D4: TAM. | E4: QTD | F4: R$ /estoque | G4: OBS.:
A5: 1 | B5: BALDE DE LONA | C5: 126.1 | D5: - | E5: 8 | F5: =C5*E5 -> 1008.8
A6: 2 | B6: CALÇADO DE SEGURANÇA - TIPO BOTINA | C6: 104.29 | D6: 34 | E6: 0 | F6: =C6*E6 -> 0
A7: 3 | B7: CALÇADO DE SEGURANÇA - TIPO BOTINA | C7: 104.29 | D7: 35 | E7: 0 | F7: =C7*E7 -> 0
A8: 4 | B8: CALÇADO DE SEGURANÇA - TIPO BOTINA | C8: 104.29 | D8: 36 | E8: 2 | F8: =C8*E8 -> 208.58
A9: 5 | B9: CALÇADO DE SEGURANÇA - TIPO BOTINA | C9: 104.29 | D9: 37 | E9: 6 | F9: =C9*E9 -> 625.74
A10: 6 | B10: CALÇADO DE SEGURANÇA - TIPO BOTINA | C10: 104.29 | D10: 38 | E10: 6 | F10: =C10*E10 -> 625.74
A11: 7 | B11: CALÇADO DE SEGURANÇA - TIPO BOTINA | C11: 104.29 | D11: 39 | E11: 5 | F11: =C11*E11 -> 521.45
A12: 8 | B12: CALÇADO DE SEGURANÇA - TIPO BOTINA | C12: 104.29 | D12: 40 | E12: 3 | F12: =C12*E12 -> 312.87
A13: 9 | B13: CALÇADO DE SEGURANÇA - TIPO BOTINA | C13: 104.29 | D13: 41 | E13: 2 | F13: =C13*E13 -> 208.58
A14: 10 | B14: CALÇADO DE SEGURANÇA - TIPO BOTINA | C14: 104.29 | D14: 42 | E14: 3 | F14: =C14*E14 -> 312.87
A15: 11 | B15: CALÇADO DE SEGURANÇA - TIPO BOTINA | C15: 104.29 | D15: 43 | E15: 4 | F15: =C15*E15 -> 417.16
A16: 12 | B16: CALÇADO DE SEGURANÇA - TIPO BOTINA | C16: 104.29 | D16: 44 | E16: 2 | F16: =C16*E16 -> 208.58
A17: 13 | B17: CALÇADO DE SEGURANÇA - TIPO BOTINA | C17: 104.29 | D17: 45 | E17: 0 | F17: =C17*E17 -> 0
A18: 14 | B18: CALÇADO DE SEGURANÇA - TIPO BOTINA | C18: 104.29 | D18: 46 | E18: 1 | F18: =C18*E18 -> 104.29
A19: 15 | B19: CAPA DE CHUVA PVC AMARELA | C19: 40 | D19: P | E19: 8 | F19: =C19*E19 -> 320
A20: 16 | B20: CAPA DE CHUVA PVC AMARELA | C20: 40 | D20: M | E20: 12 | F20: =C20*E20 -> 480
A21: 17 | B21: CAPA DE CHUVA PVC AMARELA | C21: 40 | D21: G | E21: 80 | F21: =C21*E21 -> 3200
A22: 18 | B22: CAPA DE CHUVA PVC AMARELA | C22: 40 | D22: GG | E22: 40 | F22: =C22*E22 -> 1600
A23: 19 | B23: CAPACETE CLASSE B - ABA FRONTAL | C23: 75 | D23: - | E23: 13 | F23: =C23*E23 -> 975
A24: 20 | B24: CARNEIRA + CATRACA | C24: 48.25 | D24: - | E24: 28 | F24: =C24*E24 -> 1351
A25: 21 | B25: CHAVE DETECTORA DE TENSÃO | C25: 87.97 | D25: - | E25: 20 | F25: =C25*E25 -> 1759.4
A26: 22 | B26: CINTO DE SEGURANÇA TRABALHO EM ALTURA | C26: 584.2 | D26: - | E26: 10 | F26: =C26*E26 -> 5842
A27: 23 | B27: COLETE DE SINALIZAÇÃO REFLETIVO | C27: 21 | D27: - | E27: 28 | F27: =C27*E27 -> 588
A28: 24 | B28: CONE DE SINALIZAÇÃO (50 cm) | C28: 39 | D28: - | E28: 65 | F28: =C28*E28 -> 2535
A29: 25 | B29: GARRAFA TÉRMICA 3,5l | C29: 28.94 | D29: - | E29: 30 | F29: =C29*E29 -> 868.2
A30: 26 | B30: JUGULAR TECIDO PARA CAPACETE 3M | C30: 8.63 | D30: - | E30: 15 | F30: =C30*E30 -> 129.45
A31: 27 | B31: LUVA DE SEGURANÇA PU ANTICORTE P | C31: 30.66 | E31: 8 | F31: =C31*E31 -> 245.28
A32: 28 | B32: LUVA DE SEGURANÇA PU ANTICORTE M | E32: 10 | F32: =C32*E32 -> 0
A33: 29 | B33: LUVA DE SEGURANÇA PU ANTICORTE G | E33: 0 | F33: =C33*E33 -> 0
B34: LUVA DE SEGURANÇA PU ANTICORTE XG | E34: 20 | F34: =C34*E34 -> 0
A35: 28 | B35: LUVA DE VAQUETA CANO CURTO | C35: 38 | D35: - | E35: 40 | F35: =C35*E35 -> 1520
A36: 29 | B36: ÓCULOS DE SEGURANÇA - ESCURO | C36: 4.85 | D36: - | E36: 15 | F36: =C36*E36 -> 72.75
A37: 30 | B37: ÓCULOS DE SEGURANÇA - ESCURO SOBREPOR | C37: 9 | D37: - | E37: 10 | F37: =C37*E37 -> 90
A38: 31 | B38: ÓCULOS DE SEGURANÇA - INCOLOR | C38: 4 | D38: - | E38: 20 | F38: =C38*E38 -> 80
A39: 32 | B39: ÓCULOS DE SEGURANÇA - INCOLOR SOBREPOR | C39: 8.08 | D39: - | E39: 22 | F39: =C39*E39 -> 177.76
A40: 33 | B40: PROTETOR SOLAR FPS 30 C/ REPELENTE (Validade: XX/XX) | C40: 15.19 | D40: - | E40: 0 | F40: =C40*E40 -> 0
A41: 34 | B41: PROTETOR SOLAR FPS 60 C/ REPELENTE (Validade: XX/XX) | C41: 24.55 | D41: - | E41: 80 | F41: =C41*E41 -> 1964
A42: 35 | B42: SISTEMA DE RESGATE DE PESSOAS PARA ESCADA - KIT LVM | C42: 890.46 | D42: - | E42: 15 | F42: =C42*E42 -> 13356.9
A43: 36 | B43: TALABARTE DE POSICIONAMENTO COM REGULAGEM | C43: 355 | D43: 2 METROS | E43: 18 | F43: =C43*E43 -> 6390
A44: 37 | B44: TALABARTE DE PREVENÇÃO DE QUEDAS "Y" | C44: 280.39 | D44: - | E44: 35 | F44: =C44*E44 -> 9813.65
A45: 38 | B45: TRAVA QUEDAS PARA CORDA 12MM | C45: 311.65 | D45: - | E45: 15 | F45: =C45*E45 -> 4674.75
F46: =SUM(F5:F45) -> 62587.8
A48: ERGO ATUALIZADO EM: 28/08/2025
A49: Nº | B49: DESCRIÇÃO | C49: R$ /item | D49: TAM. | E49: QTD | F49: R$ /estoque | G49: OBS.:
A50: ESTOQUE PCD / TELETRABALHO
A51: 1 | B51: APOIO PARA OS PÉS | C51: 143.56 | D51: - | F51: R$ -
A52: 2 | B52: KEY PAD | C52: 65 | D52: - | F52: R$ -
A53: 3 | B53: MOUSE PAD | C53: 44 | D53: - | F53: R$ -
A54: 4 | B54: SUPORTE PARA NOTEBOOK | C54: 98.7 | D54: - | F54: R$ -
A55: ESTOQUE ADM
A56: 1 | B56: APOIO PARA OS PÉS | C56: 143.56 | D56: - | E56: 0 | F56: =E56*C56 -> 0
A57: 2 | B57: KEY PAD | C57: 65 | D57: - | E57: 80 | F57: =E57*C57 -> 5200
A58: 3 | B58: MOUSE PAD | C58: 44 | D58: - | E58: 16 | F58: =E58*C58 -> 704
A59: 4 | B59: SUPORTE PARA NOTEBOOK | C59: 98.7 | D59: - | E59: 14 | F59: =E59*C59 -> 1381.8
F60: =SUM(F56:F59) -> 7285.8

Sheet ESTOQUE CWN - MS
A1: Nome do Responsável Estoque - Tst ou Eng.: Camila Martins Silva
A2: Data da atualização da Planilha: 05/09/2025
A3: Estoque da Cidade/Base: Campo Grande MS
A4: Nº | B4: DESCRIÇÃO | C4: R$ /item | D4: TAM. | E4: QTD | F4: R$ /estoque | G4: OBS.:
A5: 1 | B5: CALÇADO DE SEGURANÇA - TIPO BOTINA | C5: 104.29 | D5: 34 | E5: 0 | F5: =C5*E5 -> 0
A6: 2 | B6: CALÇADO DE SEGURANÇA - TIPO BOTINA | C6: 104.29 | D6: 35 | E6: 0 | F6: =C6*E6 -> 0
A7: 3 | B7: CALÇADO DE SEGURANÇA - TIPO BOTINA | C7: 104.29 | D7: 36 | E7: 0 | F7: =C7*E7 -> 0
A8: 4 | B8: CALÇADO DE SEGURANÇA - TIPO BOTINA | C8: 104.29 | D8: 37 | E8: 15 | F8: =C8*E8 -> 1564.35
A9: 5 | B9: CALÇADO DE SEGURANÇA - TIPO BOTINA | C9: 104.29 | D9: 38 | E9: 6 | F9: =C9*E9 -> 625.74
A10: 6 | B10: CALÇADO DE SEGURANÇA - TIPO BOTINA | C10: 104.29 | D10: 39 | E10: 15 | F10: =C10*E10 -> 1564.35
A11: 7 | B11: CALÇADO DE SEGURANÇA - TIPO BOTINA | C11: 104.29 | D11: 40 | E11: 20 | F11: =C11*E11 -> 2085.8
A12: 8 | B12: CALÇADO DE SEGURANÇA - TIPO BOTINA | C12: 104.29 | D12: 41 | E12: 20 | F12: =C12*E12 -> 2085.8
A13: 9 | B13: CALÇADO DE SEGURANÇA - TIPO BOTINA | C13: 104.29 | D13: 42 | E13: 8 | F13: =C13*E13 -> 834.32
A14: 10 | B14: CALÇADO DE SEGURANÇA - TIPO BOTINA | C14: 104.29 | D14: 43 | E14: 11 | F14: =C14*E14 -> 1147.19
A15: 11 | B15: CALÇADO DE SEGURANÇA - TIPO BOTINA | C15: 104.29 | D15: 44 | E15: 10 | F15: =C15*E15 -> 1042.9
A16: 12 | B16: CALÇADO DE SEGURANÇA - TIPO BOTINA | C16: 104.29 | D16: 45 | E16: 2 | F16: =C16*E16 -> 208.58
A17: 13 | B17: CALÇADO DE SEGURANÇA - TIPO BOTINA | C17: 104.29 | D17: 46 | E17: 4 | F17: =C17*E17 -> 417.16
A18: 14 | B18: CAPA DE CHUVA PVC AMARELA | C18: 40 | D18: P | E18: 0 | F18: =C18*E18 -> 0
A19: 15 | B19: CAPA DE CHUVA PVC AMARELA | C19: 40 | D19: M | E19: 0 | F19: =C19*E19 -> 0
A20: 16 | B20: CAPA DE CHUVA PVC AMARELA | C20: 40 | D20: G | E20: 0 | F20: =C20*E20 -> 0
A21: 17 | B21: CAPA DE CHUVA PVC AMARELA | C21: 40 | D21: GG | E21: 28 | F21: =C21*E21 -> 1120
A22: 18 | B22: CHAVE DETECTORA DE TENSÃO | C22: 87.97 | E22: 50 | F22: =C22*E22 -> 4398.5
A23: 19 | B23: CONE DE SINALIZAÇÃO (50 cm) | C23: 39 | E23: 70 | F23: =C23*E23 -> 2730
A24: 21 | B24: LUVA DE VAQUETA CANO CURTO | C24: 38 | E24: 160 | F24: =C24*E24 -> 6080
A25: 22 | B25: ÓCULOS DE SEGURANÇA - INCOLOR | C25: 4.85 | E25: 300 | F25: =C25*E25 -> 1455
A26: 23 | B26: ÓCULOS DE SEGURANÇA - ESCURO | C26: 4 | E26: 50 | F26: =C26*E26 -> 200
A27: 24 | B27: COLETE DE SINALIZAÇÃO REFLETIVO | C27: 21 | E27: 55 | F27: =C27*E27 -> 1155
A28: 25 | B28: GARRAFA TÉRMICA | C28: 28.94 | E28: 29 | F28: =C28*E28 -> 839.26
A29: 26 | B29: PROTETOR SOLAR FPS 30 C/ REPELENTE - 1- nutriex (venc. 06/2026) 2- nutriex (venc. 10/2024) 3- sunlau (12/2022) | C29: 15.19 | E29: 251 | F29: =C29*E29 -> 3812.69
A30: 27 | B30: BALDE DE LONA | C30: 126.1 | E30: 32 | F30: =C30*E30 -> 4035.2
A31: 28 | B31: CAPACETE CLASSE B - ABA FRONTAL COM SUSPENSÃO E CATRACA | C31: 75 | E31: 10 | F31: =C31*E31 -> 750
A32: 29 | B32: CINTO DE SEGURANÇA MODELO PARAQUEDISTA TRABALHO EM ALTURA | C32: 584.2 | E32: 10 | F32: =C32*E32 -> 5842
A33: 30 | B33: SISTEMA DE RESGATE DE PESSOAS PARA ESCADA - KIT LVM | C33: 890.46 | E33: 49 | F33: =C33*E33 -> 43632.54
... A36: 33 | B36: TRAVA QUEDAS PARA CORDA 12MM | C36: 311.65 | E36: 4 | F36: =C36*E36 -> 1246.6
A37: 34 | B37: ABAFADOR DE OUVIDOS | E37: 2
A38: 35 | B38: BANDEIROLA | E38: 77
A39: 36 | B39: BOLSA EM LONA BOCA ABERTA VIVO NEW | E39: 20
A40: 37 | B40: CARNEIRA | E40: 10
A41: 38 | B41: FITA ZEBRADA | E41: 9
A42: 39 | B42: GARRA MEIO DE VÃO | E42: 20
A43: 40 | B43: JUGULAR | E43: 20
A44: 41 | B44: LUVA PU "EXG" | E44: 0
A45: 42 | B45: LUVA PU "XG" | E45: 49
A46: 43 | B46: LUVA PU "GG" | E46: 0
A47: 44 | B47: LUVA PU "G" | E47: 0
A48: 45 | B48: LUVA PU "M" | E48: 35
... A53: 50 | B53: TOUCA ARABE | E53: 15
F54: =SUM(F5:F36) -> 93842.98 | H54: 72509.26
A55: ESTOQUE PCD / TELETRABALHO
A56: 35 | B56: APOIO PARA OS PÉS | E56: 0
A57: 36 | B57: KEY PAD | E57: 0
A58: 37 | B58: MOUSE PAD | E58: 0
A59: 38 | B59: SUPORTE PARA NOTEBOOK | E59: 0
A60: ESTOQUE ADM
A61: 39 | B61: APOIO PARA OS PÉS | E61: 1
A62: 40 | B62: KEY PAD | E62: 22
A63: 41 | B63: MOUSE PAD | E63: 20
A64: 42 | B64: SUPORTE PARA NOTEBOOK | E64: 9
B66: ERGO ATUALIZADO EM: 05/09/2025

Sheet ESTOQUE NDT - BA
A1: Nome do Responsável Estoque - Tst ou Eng.: Marcus Pitanga
A2: Data da atualização da Planilha: 29.08.2025
A3: Estoque da Cidade/Base: Salvador/BA
A4: Nº | B4: DESCRIÇÃO | C4: R$ /item | D4: TAM. | E4: QTD | F4: R$ /estoque | G4: OBS.:
B5: BOTA PVC LONGA 32 CM Nº 38 | C5: 69.9 | D5: 38 | E5: 0 | F5: =C5*E5 -> 0 | G5: Gostaria de umas de estoque
B6: BOTA PVC LONGA 32 CM Nº 39 | C6: 69.9 | D6: 39 | E6: 0 | F6: =C6*E6 -> 0 | G6: Gostaria de umas de estoque
B7: BOTA PVC LONGA 32 CM Nº 40 | C7: 69.9 | D7: 40 | E7: 0 | F7: =C7*E7 -> 0 | G7: Gostaria de umas de estoque
B8: BOTA PVC LONGA 32 CM Nº 41 | C8: 69.9 | D8: 41 | E8: 0 | F8: =C8*E8 -> 0 | G8: Gostaria de umas de estoque
B9: BOTA PVC LONGA 32 CM Nº 42 | C9: 69.9 | D9: 42 | E9: 0 | F9: =C9*E9 -> 0 | G9: Gostaria de umas de estoque
B10: CALÇADO DE SEGURANÇA - TIPO BOTINA | C10: 104.29 | D10: 34 | E10: 5 | F10: =E10*C10 -> 521.45
B11: CALÇADO DE SEGURANÇA - TIPO BOTINA | C11: 104.29 | D11: 35 | E11: 5 | F11: =E11*C11 -> 521.45
B12: CALÇADO DE SEGURANÇA - TIPO BOTINA | C12: 104.29 | D12: 36 | E12: 10 | F12: =E12*C12 -> 1042.9
B13: CALÇADO DE SEGURANÇA - TIPO BOTINA | C13: 104.29 | D13: 37 | E13: 10 | F13: =E13*C13 -> 1042.9
B14: CALÇADO DE SEGURANÇA - TIPO BOTINA | C14: 104.29 | D14: 38 | E14: 5 | F14: =E14*C14 -> 521.45
B15: CALÇADO DE SEGURANÇA - TIPO BOTINA | C15: 104.29 | D15: 39 | E15: 10 | F15: =E15*C15 -> 1042.9
B16: CALÇADO DE SEGURANÇA - TIPO BOTINA | C16: 104.29 | D16: 40 | E16: 5 | F16: =E16*C16 -> 521.45
B17: CALÇADO DE SEGURANÇA - TIPO BOTINA | C17: 104.29 | D17: 41 | E17: 10 | F17: =E17*C17 -> 1042.9
B18: CALÇADO DE SEGURANÇA - TIPO BOTINA | C18: 104.29 | D18: 42 | E18: 0 | F18: =E18*C18 -> 0 | G18: Gostaria de umas de estoque
B19: CALÇADO DE SEGURANÇA - TIPO BOTINA | C19: 104.29 | D19: 43 | E19: 0 | F19: =E19*C19 -> 0 | G19: Gostaria de umas de estoque
B20: CALÇADO DE SEGURANÇA - TIPO BOTINA | C20: 104.29 | D20: 44 | E20: 3 | F20: =E20*C20 -> 312.87 | G20: Gostaria de umas de estoque
B21: CALÇADO DE SEGURANÇA - TIPO BOTINA | C21: 104.29 | D21: 45 | E21: 3 | F21: =E21*C21 -> 312.87
B22: CALÇADO DE SEGURANÇA - TIPO BOTINA | C22: 104.29 | D22: 46 | E22: 3 | F22: =E22*C22 -> 312.87
B23: CALÇADO DE SEGURANÇA - TIPO BOTINA | C23: 104.29 | D23: 47 | E23: 0 | F23: =E23*C23 -> 0
B24: CALÇADO DE SEGURANÇA - TIPO BOTINA | C24: 104.29 | D24: 48 | E24: 0 | F24: =E24*C24 -> 0
B25: CAPA DE CHUVA PVC AMARELA | C25: 40 | D25: P | E25: 0 | F25: =E25*C25 -> 0
B26: CAPA DE CHUVA PVC AMARELA | C26: 40 | D26: M | E26: 0 | F26: =E26*C26 -> 0
B27: CAPA DE CHUVA PVC AMARELA | C27: 40 | D27: G | E27: 3 | F27: =E27*C27 -> 120 | G27: Gostaria de umas de estoque
B28: CAPA DE CHUVA PVC AMARELA | C28: 40 | D28: GG | E28: 0 | F28: =E28*C28 -> 0
B29: CHAVE DETECTORA DE TENSÃO | C29: 87.97 | E29: 3 | F29: =E29*C29 -> 263.91 | G29: Gostaria de estoque
B30: CONE DE SINALIZAÇÃO (50 cm) | C30: 39 | E30: 10 | F30: =E30*C30 -> 390 | G30: Gostaria de estoque
B31: LUVA DE VAQUETA CANO CURTO | C31: 38 | E31: 5 | F31: =E31*C31 -> 190 | G31: Gostaria de estoque
B32: LUVA DE PVC CANO CURTO VERDE | C32: 9.8 | D32: G | E32: 0 | F32: =C32*E32 -> 0 | G32: Gostaria de estoque
B33: LUVA DE MALHA PU ANTICORTE | C33: 35.89 | D33: P | E33: 3 | F33: =E33*C33 -> 107.67 | G33: Gostaria de estoque
B34: LUVA DE MALHA PU ANTICORTE | C34: 35.89 | D34: M | E34: 0 | F34: =E34*C34 -> 0 | G34: Gostaria de estoque
B35: LUVA DE MALHA PU ANTICORTE | C35: 35.89 | D35: G | E35: 15 | F35: =E35*C35 -> 538.35 | G35: Gostaria de estoque
B36: LUVA DE MALHA PU ANTICORTE | C36: 35.89 | D36: XG | E36: 15 | F36: =E36*C36 -> 538.35 | G36: Gostaria de estoque
B37: TOUCA ÁRABE | C37: 0 | D37: UNI | E37: 0 | F37: =E37*C37 -> 0 | G37: Gostaria de estoque
B38: BANDEIROLA DE SINALIZAÇÃO SEM CABO | C38: 22.19 | D38: UNI | E38: 0 | F38: =E38*C38 -> 0 | G38: Gostaria de estoque
B39: ÓCULOS DE SEGURANÇA - INCOLOR | C39: 4.85 | E39: 10 | F39: =E39*C39 -> 48.5 | G39: Gostaria de estoque
B40: ÓCULOS DE SEGURANÇA - ESCURO | C40: 4 | E40: 10 | F40: =E40*C40 -> 40 | G40: Gostaria de estoque
B41: COLETE DE SINALIZAÇÃO REFLETIVO | C41: 21 | E41: 10 | F41: =E41*C41 -> 210
B42: GARRAFA TÉRMICA | C42: 28.94 | E42: 2 | F42: =E42*C42 -> 57.88 | G42: Gostaria de estoque
B43: PROTETOR SOLAR FPS 30 C/ REPELENTE (validade: Dezembro/24) | C43: 15.19 | E43: 10 | F43: =E43*C43 -> 151.9 | G43: Gostaria de estoque
B44: BALDE DE LONA | C44: 126.1 | E44: 30 | F44: =E44*C44 -> 3783
B45: CAPACETE CLASSE B - ABA FRONTAL COM SUSPENSÃO E CATRACA | C45: 75 | E45: 10 | F45: =E45*C45 -> 750
B46: CINTO DE SEGURANÇA MODELO PARAQUEDISTA TRABALHO EM ALTURA | C46: 584.2 | E46: 10 | F46: =E46*C46 -> 5842
B47: SISTEMA DE RESGATE DE PESSOAS PARA ESCADA - KIT LVM | C47: 890.46 | E47: 35 | F47: =E47*C47 -> 31166.1
B48: TALABARTE DE POSICIONAMENTO COM REGULAGEM 2 METROS | C48: 355 | E48: 10 | F48: =E48*C48 -> 3550
B49: TALABARTE DE PREVENÇÃO DE QUEDAS "Y" COM ABSORVEDOR | C49: 280.39 | E49: 10 | F49: =E49*C49 -> 2803.9
B50: TRAVA QUEDAS PARA CORDA 12MM | C50: 311.65 | E50: 35 | F50: =E50*C50 -> 10907.75
B51: CARNEIRA | E51: 5 | F51: =E51*C51 -> 0 | G51: Gostaria de umas de estoque
B52: JUGULAR | E52: 5 | F52: =E52*C52 -> 0 | G52: Gostaria de umas de estoque | H52: 28795.49
F53: =SUM(F10:F52) -> 68655.32
A54: ESTOQUE PCD / TELETRABALHO
A55: 37 | B55: APOIO PARA OS PÉS | E55: 40 | G55: Gostaria de umas de estoque
A56: 38 | B56: KEY PAD | E56: 0 | G56: Gostaria de umas de estoque
A57: 39 | B57: MOUSE PAD | E57: 60 | G57: Gostaria de umas de estoque
A58: 40 | B58: SUPORTE PARA NOTEBOOK | E58: 30 | G58: Gostaria de umas de estoque
A59: ESTOQUE ADM
A60: 41 | B60: APOIO PARA OS PÉS | E60: 0 | G60: Gostaria de umas de estoque
A61: 42 | B61: KEY PAD | E61: 0 | G61: Gostaria de umas de estoque
A62: 43 | B62: MOUSE PAD | E62: 0 | G62: Gostaria de umas de estoque
A63: 44 | B63: SUPORTE PARA NOTEBOOK | E63: 0 | G63: Gostaria de umas de estoque
B65: ERGO ATUALIZADO EM: 29/08/2025

Sheet ESTOQUE NDT - CE
A1: Nome do Responsável Estoque - Tst ou Eng.: Raphael Meneses
A2: Data da atualização da Planilha: 22/09/2023
A3: Estoque da Cidade/Base: Fortaleza
A4: Nº | B4: DESCRIÇÃO | C4: R$ /item | D4: TAM. | E4: QTD | F4: R$ /estoque | G4: OBS.:
A5: 1 | B5: CALÇADO DE SEGURANÇA - TIPO BOTINA | C5: 104.29 | D5: 34 | E5: 1 | F5: =E5*C5 -> 104.29
A6: 2 | B6: CALÇADO DE SEGURANÇA - TIPO BOTINA | C6: 104.29 | D6: 35 | E6: 5 | F6: =E6*C6 -> 521.45
A7: 3 | B7: CALÇADO DE SEGURANÇA - TIPO BOTINA | C7: 104.29 | D7: 36 | E7: 12 | F7: =E7*C7 -> 1251.48
A8: 4 | B8: CALÇADO DE SEGURANÇA - TIPO BOTINA | C8: 104.29 | D8: 37 | E8: 10 | F8: =E8*C8 -> 1042.9
A9: 5 | B9: CALÇADO DE SEGURANÇA - TIPO BOTINA | C9: 104.29 | D9: 38 | E9: 11 | F9: =E9*C9 -> 1147.19
A10: 6 | B10: CALÇADO DE SEGURANÇA - TIPO BOTINA | C10: 104.29 | D10: 39 | E10: 18 | F10: =E10*C10 -> 1877.22
A11: 7 | B11: CALÇADO DE SEGURANÇA - TIPO BOTINA | C11: 104.29 | D11: 40 | E11: 20 | F11: =E11*C11 -> 2085.8
A12: 8 | B12: CALÇADO DE SEGURANÇA - TIPO BOTINA | C12: 104.29 | D12: 41 | E12: 15 | F12: =E12*C12 -> 1564.35
A13: 9 | B13: CALÇADO DE SEGURANÇA - TIPO BOTINA | C13: 104.29 | D13: 42 | E13: 12 | F13: =E13*C13 -> 1251.48
A14: 10 | B14: CALÇADO DE SEGURANÇA - TIPO BOTINA | C14: 104.29 | D14: 43 | E14: 16 | F14: =E14*C14 -> 1668.64
A15: 11 | B15: CALÇADO DE SEGURANÇA - TIPO BOTINA | C15: 104.29 | D15: 44 | E15: 12 | F15: =E15*C15 -> 1251.48
A16: 12 | B16: CALÇADO DE SEGURANÇA - TIPO BOTINA | C16: 104.29 | D16: 45 | E16: 6 | F16: =E16*C16 -> 625.74
A17: 13 | B17: CALÇADO DE SEGURANÇA - TIPO BOTINA | C17: 104.29 | D17: 46 | E17: 4 | F17: =E17*C17 -> 417.16
A18: 14 | B18: CAPA DE CHUVA PVC AMARELA | C18: 40 | D18: P | E18: 0 | F18: =E18*C18 -> 0
A19: 15 | B19: CAPA DE CHUVA PVC AMARELA | C19: 40 | D19: M | E19: 0 | F19: =E19*C19 -> 0
A20: 16 | B20: CAPA DE CHUVA PVC AMARELA | C20: 40 | D20: G | E20: 20 | F20: =E20*C20 -> 800
A21: 17 | B21: CAPA DE CHUVA PVC AMARELA | C21: 40 | D21: GG | E21: 0 | F21: =E21*C21 -> 0
A22: 18 | B22: CHAVE DETECTORA DE TENSÃO | C22: 87.97 | E22: 25 | F22: =E22*C22 -> 2199.25
A23: 19 | B23: CONE DE SINALIZAÇÃO (50 cm) | C23: 39 | E23: 30 | F23: =E23*C23 -> 1170
A24: 21 | B24: LUVA DE VAQUETA CANO CURTO | C24: 38 | E24: 80 | F24: =E24*C24 -> 3040
A25: 22 | B25: ÓCULOS DE SEGURANÇA - INCOLOR | C25: 4.85 | E25: 60 | F25: =E25*C25 -> 291
A26: 23 | B26: ÓCULOS DE SEGURANÇA - ESCURO | C26: 4 | E26: 58 | F26: =E26*C26 -> 232
A27: 24 | B27: COLETE DE SINALIZAÇÃO REFLETIVO | C27: 21 | E27: 5 | F27: =E27*C27 -> 105
A28: 25 | B28: GARRAFA TÉRMICA | C28: 28.94 | E28: 18 | F28: =E28*C28 -> 520.92
A29: 26 | B29: PROTETOR SOLAR FPS 30 C/ REPELENTE (validade: abril/ 24) | C29: 15.19 | E29: 94 | F29: =E29*C29 -> 1427.86
A30: 28 | B30: BALDE DE LONA | C30: 126.1 | E30: 0 | F30: =E30*C30 -> 0
A31: 29 | B31: CAPACETE CLASSE B - ABA FRONTAL COM SUSPENSÃO E CATRACA | C31: 75 | E31: 30 | F31: =E31*C31 -> 2250
A32: 30 | B32: CINTO DE SEGURANÇA MODELO PARAQUEDISTA TRABALHO EM ALTURA | C32: 584.2 | E32: 4 | F32: =E32*C32 -> 2336.8
A33: 31 | B33: SISTEMA DE RESGATE DE PESSOAS PARA ESCADA - KIT LVM | C33: 890.46 | E33: 9 | F33: =E33*C33 -> 8014.14
... A36: 34 | B36: TRAVA QUEDAS PARA CORDA 12MM | C36: 311.65 | E36: 7 | F36: =E36*C36 -> 2181.55
F37: =SUM(F5:F36) -> 42423.48 | H37: 42423.48
A38: ESTOQUE PCD / TELETRABALHO
A39: 35 | B39: APOIO PARA OS PÉS | E39: 20 | G39: 200
A40: 36 | B40: KEY PAD | E40: 200 | G40: 150
A41: 37 | B41: MOUSE PAD | E41: 200 | G41: 150
A42: 38 | B42: SUPORTE PARA NOTEBOOK | E42: 300 | G42: 150
A43: ESTOQUE ADM
A44: 39 | B44: APOIO PARA OS PÉS | E44: 4 | G44: 100
A45: 40 | B45: KEY PAD | E45: 100 | G45: 50
A46: 41 | B46: MOUSE PAD | E46: 50 | G46: 100
A47: 42 | B47: SUPORTE PARA NOTEBOOK | E47: 64 | G47: 150
B50: ERGO ATUALIZADO EM: 13/09/2023

Sheet ESTOQUE NDT - PE
A1: Nome do Responsável Estoque - Tst ou Eng.: Ítalo Lima
A2: Data da atualização da Planilha: 28/08/2025
A3: Estoque da Cidade/Base: Recife
A4: Nº | B4: DESCRIÇÃO | C4: V.DO ITEM | D4: TAM. | E4: QTD | F4: vALOR TOTAL | G4: OBS.:
A5: 1 | B5: CALÇADO DE SEGURANÇA - TIPO BOTINA | C5: 104.29 | D5: 34 | E5: 4 | F5: =C5*E5 -> 417.16
A6: 2 | B6: CALÇADO DE SEGURANÇA - TIPO BOTINA | C6: 104.29 | D6: 35 | E6: 4 | F6: =C6*E6 -> 417.16
A7: 3 | B7: CALÇADO DE SEGURANÇA - TIPO BOTINA | C7: 104.29 | D7: 36 | E7: 4 | F7: =C7*E7 -> 417.16
A8: 4 | B8: CALÇADO DE SEGURANÇA - TIPO BOTINA | C8: 104.29 | D8: 37 | E8: 5 | F8: =C8*E8 -> 521.45
A9: 5 | B9: CALÇADO DE SEGURANÇA - TIPO BOTINA | C9: 104.29 | D9: 38 | E9: 8 | F9: =C9*E9 -> 834.32
A10: 6 | B10: CALÇADO DE SEGURANÇA - TIPO BOTINA | C10: 104.29 | D10: 39 | E10: 8 | F10: =C10*E10 -> 834.32
A11: 7 | B11: CALÇADO DE SEGURANÇA - TIPO BOTINA | C11: 104.29 | D11: 40 | E11: 4 | F11: =C11*E11 -> 417.16
A12: 8 | B12: CALÇADO DE SEGURANÇA - TIPO BOTINA | C12: 104.29 | D12: 41 | E12: 5 | F12: =C12*E12 -> 521.45
A13: 9 | B13: CALÇADO DE SEGURANÇA - TIPO BOTINA | C13: 104.29 | D13: 42 | E13: 10 | F13: =C13*E13 -> 1042.9
A14: 10 | B14: CALÇADO DE SEGURANÇA - TIPO BOTINA | C14: 104.29 | D14: 43 | E14: 10 | F14: =C14*E14 -> 1042.9
A15: 11 | B15: CALÇADO DE SEGURANÇA - TIPO BOTINA | C15: 104.29 | D15: 44 | E15: 5 | F15: =C15*E15 -> 521.45
A16: 12 | B16: CALÇADO DE SEGURANÇA - TIPO BOTINA | C16: 104.29 | D16: 45 | E16: 2 | F16: =C16*E16 -> 208.58
A17: 13 | B17: CALÇADO DE SEGURANÇA - TIPO BOTINA | C17: 104.29 | D17: 46 | E17: 0 | F17: =C17*E17 -> 0
A18: 14 | B18: CAPA DE CHUVA PVC AMARELA | C18: 40 | D18: P | E18: 0 | F18: =C18*E18 -> 0
A19: 15 | B19: CAPA DE CHUVA PVC AMARELA | C19: 40 | D19: M | E19: 0 | F19: =C19*E19 -> 0
A20: 16 | B20: CAPA DE CHUVA PVC AMARELA | C20: 40 | D20: G | E20: 10 | F20: =C20*E20 -> 400
A21: 17 | B21: CAPA DE CHUVA PVC AMARELA | C21: 40 | D21: GG | E21: 0 | F21: =C21*E21 -> 0
A22: 18 | B22: CHAVE DETECTORA DE TENSÃO | C22: 87.97 | E22: 15 | F22: =C22*E22 -> 1319.55
A23: 19 | B23: CONE DE SINALIZAÇÃO (50 cm) | C23: 39 | E23: 25 | F23: =C23*E23 -> 975
A24: 21 | B24: LUVA DE VAQUETA CANO CURTO | C24: 38 | E24: 0 | F24: =C24*E24 -> 0
A25: 22 | B25: ÓCULOS DE SEGURANÇA - INCOLOR | C25: 4.85 | E25: 0 | F25: =C25*E25 -> 0
A26: 23 | B26: ÓCULOS DE SEGURANÇA - ESCURO | C26: 4 | E26: 0 | F26: =C26*E26 -> 0
A27: 24 | B27: COLETE DE SINALIZAÇÃO REFLETIVO | C27: 21 | E27: 0 | F27: =C27*E27 -> 0
A28: 25 | B28: GARRAFA TÉRMICA | C28: 28.94 | E28: 10 | F28: =C28*E28 -> 289.4
A29: 26 | B29: PROTETOR SOLAR FPS 30 C/ REPELENTE - validade: | C29: 15.19 | E29: 150 | F29: =C29*E29 -> 2278.5
A30: 28 | B30: BALDE DE LONA | C30: 126.1 | E30: 15 | F30: =C30*E30 -> 1891.5
A31: 29 | B31: CAPACETE CLASSE B - ABA FRONTAL COM SUSPENSÃO E CATRACA | C31: 75 | E31: 10 | F31: =C31*E31 -> 750
A32: 30 | B32: CINTO DE SEGURANÇA MODELO PARAQUEDISTA TRABALHO EM ALTURA | C32: 584.2 | E32: 15 | F32: =C32*E32 -> 8763
A33: 31 | B33: SISTEMA DE RESGATE DE PESSOAS PARA ESCADA - KIT LVM | C33: 890.46 | E33: 2 | F33: =C33*E33 -> 1780.92
... A36: 34 | B36: TRAVA QUEDAS PARA CORDA 12MM | C36: 311.65 | E36: 0 | F36: =C36*E36 -> 0
F37: =SUM(F5:F36) -> 30968.88 | H37: 29578.34
A38: ESTOQUE PCD / TELETRABALHO
A39: 35 | B39: APOIO PARA OS PÉS | D39: 0 | E39: 0
A40: 36 | B40: KEY PAD | D40: 0 | E40: 0
A41: 37 | B41: MOUSE PAD | D41: 0 | E41: 0
A42: 38 | B42: SUPORTE PARA NOTEBOOK | D42: 0 | E42: 0
A43: ESTOQUE ADM
A44: 39 | B44: APOIO PARA OS PÉS | D44: 0 | E44: 20
A45: 40 | B45: KEY PAD | D45: 0 | E45: 50
A46: 41 | B46: MOUSE PAD | D46: 0 | E46: 50
A47: 42 | B47: SUPORTE PARA NOTEBOOK | D47: 0 | E47: 50
A50: ERGO ATUALIZADO EM: 28/08/2025
